sku,date,day_ahead,arima_forecast,price,inventory_level
S001_P0001,2024-01-02,1,101.02,55.26,223
S001_P0001,2024-01-03,2,79.78,55.26,223
S001_P0001,2024-01-04,3,84.2,55.26,223
S001_P0001,2024-01-05,4,61.31,55.26,223
S001_P0001,2024-01-06,5,69.76,55.26,223
S001_P0001,2024-01-07,6,74.06,55.26,223
S001_P0001,2024-01-08,7,79.42,55.26,223
S001_P0002,2024-01-02,1,68.32,44.84,217
S001_P0002,2024-01-03,2,66.39,44.84,217
S001_P0002,2024-01-04,3,72.44,44.84,217
S001_P0002,2024-01-05,4,68.06,44.84,217
S001_P0002,2024-01-06,5,65.1,44.84,217
S001_P0002,2024-01-07,6,72.98,44.84,217
S001_P0002,2024-01-08,7,69.49,44.84,217
S001_P0003,2024-01-02,1,145.6,21.94,69
S001_P0003,2024-01-03,2,130.38,21.94,69
S001_P0003,2024-01-04,3,117.7,21.94,69
S001_P0003,2024-01-05,4,124.62,21.94,69
S001_P0003,2024-01-06,5,124.04,21.94,69
S001_P0003,2024-01-07,6,121.22,21.94,69
S001_P0003,2024-01-08,7,126.79,21.94,69
S001_P0004,2024-01-02,1,196.69,86.37,338
S001_P0004,2024-01-03,2,158.79,86.37,338
S001_P0004,2024-01-04,3,134.97,86.37,338
S001_P0004,2024-01-05,4,147.94,86.37,338
S001_P0004,2024-01-06,5,167.73,86.37,338
S001_P0004,2024-01-07,6,168.6,86.37,338
S001_P0004,2024-01-08,7,162.83,86.37,338
S001_P0005,2024-01-02,1,132.34,15.58,471
S001_P0005,2024-01-03,2,161.74,15.58,471
S001_P0005,2024-01-04,3,185.23,15.58,471
S001_P0005,2024-01-05,4,144.36,15.58,471
S001_P0005,2024-01-06,5,161.77,15.58,471
S001_P0005,2024-01-07,6,178.9,15.58,471
S001_P0005,2024-01-08,7,157.1,15.58,471
S001_P0006,2024-01-02,1,70.82,64.76,305
S001_P0006,2024-01-03,2,65.1,64.76,305
S001_P0006,2024-01-04,3,72.9,64.76,305
S001_P0006,2024-01-05,4,81.12,64.76,305
S001_P0006,2024-01-06,5,86.12,64.76,305
S001_P0006,2024-01-07,6,78.09,64.76,305
S001_P0006,2024-01-08,7,75.42,64.76,305
S001_P0007,2024-01-02,1,138.11,77.44,256
S001_P0007,2024-01-03,2,163.68,77.44,256
S001_P0007,2024-01-04,3,136.86,77.44,256
S001_P0007,2024-01-05,4,165.37,77.44,256
S001_P0007,2024-01-06,5,141.96,77.44,256
S001_P0007,2024-01-07,6,127.3,77.44,256
S001_P0007,2024-01-08,7,144.64,77.44,256
S001_P0008,2024-01-02,1,155.74,31.34,315
S001_P0008,2024-01-03,2,155.05,31.34,315
S001_P0008,2024-01-04,3,127.77,31.34,315
S001_P0008,2024-01-05,4,123.88,31.34,315
S001_P0008,2024-01-06,5,145.68,31.34,315
S001_P0008,2024-01-07,6,158.02,31.34,315
S001_P0008,2024-01-08,7,144.89,31.34,315
S001_P0009,2024-01-02,1,117.48,96.8,167
S001_P0009,2024-01-03,2,95.59,96.8,167
S001_P0009,2024-01-04,3,98.15,96.8,167
S001_P0009,2024-01-05,4,95.31,96.8,167
S001_P0009,2024-01-06,5,85.65,96.8,167
S001_P0009,2024-01-07,6,84.66,96.8,167
S001_P0009,2024-01-08,7,96.34,96.8,167
S001_P0010,2024-01-02,1,104.56,40.95,167
S001_P0010,2024-01-03,2,120.92,40.95,167
S001_P0010,2024-01-04,3,145.77,40.95,167
S001_P0010,2024-01-05,4,141.47,40.95,167
S001_P0010,2024-01-06,5,109.91,40.95,167
S001_P0010,2024-01-07,6,116.28,40.95,167
S001_P0010,2024-01-08,7,120.9,40.95,167
S001_P0011,2024-01-02,1,130.72,90.89,449
S001_P0011,2024-01-03,2,162.34,90.89,449
S001_P0011,2024-01-04,3,145.07,90.89,449
S001_P0011,2024-01-05,4,134.39,90.89,449
S001_P0011,2024-01-06,5,144.52,90.89,449
S001_P0011,2024-01-07,6,125.52,90.89,449
S001_P0011,2024-01-08,7,139.38,90.89,449
S001_P0012,2024-01-02,1,139.03,39.14,213
S001_P0012,2024-01-03,2,110.46,39.14,213
S001_P0012,2024-01-04,3,101.45,39.14,213
S001_P0012,2024-01-05,4,89.52,39.14,213
S001_P0012,2024-01-06,5,89.15,39.14,213
S001_P0012,2024-01-07,6,103.43,39.14,213
S001_P0012,2024-01-08,7,104.58,39.14,213
S001_P0013,2024-01-02,1,173.26,59.93,356
S001_P0013,2024-01-03,2,163.37,59.93,356
S001_P0013,2024-01-04,3,157.68,59.93,356
S001_P0013,2024-01-05,4,163.98,59.93,356
S001_P0013,2024-01-06,5,161.56,59.93,356
S001_P0013,2024-01-07,6,176.11,59.93,356
S001_P0013,2024-01-08,7,167.07,59.93,356
S001_P0014,2024-01-02,1,138.86,29.01,293
S001_P0014,2024-01-03,2,103.1,29.01,293
S001_P0014,2024-01-04,3,111.33,29.01,293
S001_P0014,2024-01-05,4,109.37,29.01,293
S001_P0014,2024-01-06,5,123.57,29.01,293
S001_P0014,2024-01-07,6,137.48,29.01,293
S001_P0014,2024-01-08,7,120.56,29.01,293
S001_P0015,2024-01-02,1,112.16,25.26,356
S001_P0015,2024-01-03,2,149.76,25.26,356
S001_P0015,2024-01-04,3,159.71,25.26,356
S001_P0015,2024-01-05,4,144.56,25.26,356
S001_P0015,2024-01-06,5,166.25,25.26,356
S001_P0015,2024-01-07,6,162.04,25.26,356
S001_P0015,2024-01-08,7,149.92,25.26,356
S001_P0016,2024-01-02,1,103.97,40.61,74
S001_P0016,2024-01-03,2,98.17,40.61,74
S001_P0016,2024-01-04,3,73.62,40.61,74
S001_P0016,2024-01-05,4,73.8,40.61,74
S001_P0016,2024-01-06,5,70.42,40.61,74
S001_P0016,2024-01-07,6,74.81,40.61,74
S001_P0016,2024-01-08,7,82.41,40.61,74
S001_P0017,2024-01-02,1,141.09,20.68,282
S001_P0017,2024-01-03,2,111.76,20.68,282
S001_P0017,2024-01-04,3,102.05,20.68,282
S001_P0017,2024-01-05,4,127.29,20.68,282
S001_P0017,2024-01-06,5,145.7,20.68,282
S001_P0017,2024-01-07,6,140.73,20.68,282
S001_P0017,2024-01-08,7,126.8,20.68,282
S001_P0018,2024-01-02,1,84.37,24.1,191
S001_P0018,2024-01-03,2,75.15,24.1,191
S001_P0018,2024-01-04,3,55.7,24.1,191
S001_P0018,2024-01-05,4,43.87,24.1,191
S001_P0018,2024-01-06,5,49.8,24.1,191
S001_P0018,2024-01-07,6,57.73,24.1,191
S001_P0018,2024-01-08,7,60.75,24.1,191
S001_P0019,2024-01-02,1,113.93,81.71,149
S001_P0019,2024-01-03,2,111.37,81.71,149
S001_P0019,2024-01-04,3,96.08,81.71,149
S001_P0019,2024-01-05,4,109.19,81.71,149
S001_P0019,2024-01-06,5,103.19,81.71,149
S001_P0019,2024-01-07,6,115.07,81.71,149
S001_P0019,2024-01-08,7,108.14,81.71,149
S001_P0020,2024-01-02,1,77.74,11.0,242
S001_P0020,2024-01-03,2,83.07,11.0,242
S001_P0020,2024-01-04,3,62.69,11.0,242
S001_P0020,2024-01-05,4,64.44,11.0,242
S001_P0020,2024-01-06,5,65.37,11.0,242
S001_P0020,2024-01-07,6,67.47,11.0,242
S001_P0020,2024-01-08,7,69.91,11.0,242
S002_P0001,2024-01-02,1,171.41,11.72,415
S002_P0001,2024-01-03,2,173.72,11.72,415
S002_P0001,2024-01-04,3,128.32,11.72,415
S002_P0001,2024-01-05,4,145.69,11.72,415
S002_P0001,2024-01-06,5,160.74,11.72,415
S002_P0001,2024-01-07,6,132.52,11.72,415
S002_P0001,2024-01-08,7,152.59,11.72,415
S002_P0002,2024-01-02,1,121.24,57.66,364
S002_P0002,2024-01-03,2,133.75,57.66,364
S002_P0002,2024-01-04,3,77.09,57.66,364
S002_P0002,2024-01-05,4,70.43,57.66,364
S002_P0002,2024-01-06,5,75.77,57.66,364
S002_P0002,2024-01-07,6,84.67,57.66,364
S002_P0002,2024-01-08,7,96.55,57.66,364
S002_P0003,2024-01-02,1,73.21,81.61,372
S002_P0003,2024-01-03,2,77.27,81.61,372
S002_P0003,2024-01-04,3,80.11,81.61,372
S002_P0003,2024-01-05,4,88.43,81.61,372
S002_P0003,2024-01-06,5,87.35,81.61,372
S002_P0003,2024-01-07,6,84.49,81.61,372
S002_P0003,2024-01-08,7,82.4,81.61,372
S002_P0004,2024-01-02,1,135.72,25.28,133
S002_P0004,2024-01-03,2,121.6,25.28,133
S002_P0004,2024-01-04,3,136.72,25.28,133
S002_P0004,2024-01-05,4,159.46,25.28,133
S002_P0004,2024-01-06,5,139.71,25.28,133
S002_P0004,2024-01-07,6,118.31,25.28,133
S002_P0004,2024-01-08,7,135.86,25.28,133
S002_P0005,2024-01-02,1,177.47,16.98,464
S002_P0005,2024-01-03,2,203.3,16.98,464
S002_P0005,2024-01-04,3,202.8,16.98,464
S002_P0005,2024-01-05,4,211.69,16.98,464
S002_P0005,2024-01-06,5,235.01,16.98,464
S002_P0005,2024-01-07,6,205.57,16.98,464
S002_P0005,2024-01-08,7,205.65,16.98,464
S002_P0006,2024-01-02,1,158.07,19.06,160
S002_P0006,2024-01-03,2,157.27,19.06,160
S002_P0006,2024-01-04,3,148.55,19.06,160
S002_P0006,2024-01-05,4,151.95,19.06,160
S002_P0006,2024-01-06,5,159.83,19.06,160
S002_P0006,2024-01-07,6,154.31,19.06,160
S002_P0006,2024-01-08,7,154.77,19.06,160
S002_P0007,2024-01-02,1,111.59,63.66,53
S002_P0007,2024-01-03,2,122.18,63.66,53
S002_P0007,2024-01-04,3,77.08,63.66,53
S002_P0007,2024-01-05,4,68.95,63.66,53
S002_P0007,2024-01-06,5,66.89,63.66,53
S002_P0007,2024-01-07,6,75.93,63.66,53
S002_P0007,2024-01-08,7,86.59,63.66,53
S002_P0008,2024-01-02,1,81.27,90.38,218
S002_P0008,2024-01-03,2,91.73,90.38,218
S002_P0008,2024-01-04,3,89.04,90.38,218
S002_P0008,2024-01-05,4,89.07,90.38,218
S002_P0008,2024-01-06,5,68.77,90.38,218
S002_P0008,2024-01-07,6,79.04,90.38,218
S002_P0008,2024-01-08,7,82.81,90.38,218
S002_P0009,2024-01-02,1,99.38,45.97,62
S002_P0009,2024-01-03,2,111.81,45.97,62
S002_P0009,2024-01-04,3,114.47,45.97,62
S002_P0009,2024-01-05,4,89.3,45.97,62
S002_P0009,2024-01-06,5,81.32,45.97,62
S002_P0009,2024-01-07,6,92.98,45.97,62
S002_P0009,2024-01-08,7,100.06,45.97,62
S002_P0010,2024-01-02,1,173.77,33.48,419
S002_P0010,2024-01-03,2,195.9,33.48,419
S002_P0010,2024-01-04,3,155.22,33.48,419
S002_P0010,2024-01-05,4,154.49,33.48,419
S002_P0010,2024-01-06,5,183.44,33.48,419
S002_P0010,2024-01-07,6,210.11,33.48,419
S002_P0010,2024-01-08,7,177.75,33.48,419
S002_P0011,2024-01-02,1,59.78,99.13,156
S002_P0011,2024-01-03,2,63.34,99.13,156
S002_P0011,2024-01-04,3,74.94,99.13,156
S002_P0011,2024-01-05,4,82.96,99.13,156
S002_P0011,2024-01-06,5,88.85,99.13,156
S002_P0011,2024-01-07,6,68.0,99.13,156
S002_P0011,2024-01-08,7,72.78,99.13,156
S002_P0012,2024-01-02,1,98.31,52.5,193
S002_P0012,2024-01-03,2,108.59,52.5,193
S002_P0012,2024-01-04,3,118.14,52.5,193
S002_P0012,2024-01-05,4,128.67,52.5,193
S002_P0012,2024-01-06,5,139.73,52.5,193
S002_P0012,2024-01-07,6,123.47,52.5,193
S002_P0012,2024-01-08,7,117.35,52.5,193
S002_P0013,2024-01-02,1,130.21,67.26,472
S002_P0013,2024-01-03,2,133.02,67.26,472
S002_P0013,2024-01-04,3,132.16,67.26,472
S002_P0013,2024-01-05,4,123.68,67.26,472
S002_P0013,2024-01-06,5,113.14,67.26,472
S002_P0013,2024-01-07,6,112.05,67.26,472
S002_P0013,2024-01-08,7,123.26,67.26,472
S002_P0014,2024-01-02,1,154.78,70.31,342
S002_P0014,2024-01-03,2,150.36,70.31,342
S002_P0014,2024-01-04,3,157.83,70.31,342
S002_P0014,2024-01-05,4,164.76,70.31,342
S002_P0014,2024-01-06,5,190.05,70.31,342
S002_P0014,2024-01-07,6,188.71,70.31,342
S002_P0014,2024-01-08,7,165.94,70.31,342
S002_P0015,2024-01-02,1,109.87,67.54,433
S002_P0015,2024-01-03,2,95.4,67.54,433
S002_P0015,2024-01-04,3,83.7,67.54,433
S002_P0015,2024-01-05,4,89.31,67.54,433
S002_P0015,2024-01-06,5,100.75,67.54,433
S002_P0015,2024-01-07,6,112.49,67.54,433
S002_P0015,2024-01-08,7,98.22,67.54,433
S002_P0016,2024-01-02,1,137.6,41.3,258
S002_P0016,2024-01-03,2,130.52,41.3,258
S002_P0016,2024-01-04,3,175.23,41.3,258
S002_P0016,2024-01-05,4,163.66,41.3,258
S002_P0016,2024-01-06,5,115.05,41.3,258
S002_P0016,2024-01-07,6,137.61,41.3,258
S002_P0016,2024-01-08,7,140.76,41.3,258
S002_P0017,2024-01-02,1,151.43,47.83,236
S002_P0017,2024-01-03,2,158.86,47.83,236
S002_P0017,2024-01-04,3,123.27,47.83,236
S002_P0017,2024-01-05,4,137.92,47.83,236
S002_P0017,2024-01-06,5,149.05,47.83,236
S002_P0017,2024-01-07,6,116.54,47.83,236
S002_P0017,2024-01-08,7,140.83,47.83,236
S002_P0018,2024-01-02,1,123.92,32.84,151
S002_P0018,2024-01-03,2,142.52,32.84,151
S002_P0018,2024-01-04,3,137.13,32.84,151
S002_P0018,2024-01-05,4,165.89,32.84,151
S002_P0018,2024-01-06,5,117.32,32.84,151
S002_P0018,2024-01-07,6,113.84,32.84,151
S002_P0018,2024-01-08,7,131.63,32.84,151
S002_P0019,2024-01-02,1,194.98,54.27,409
S002_P0019,2024-01-03,2,239.51,54.27,409
S002_P0019,2024-01-04,3,197.04,54.27,409
S002_P0019,2024-01-05,4,190.35,54.27,409
S002_P0019,2024-01-06,5,229.97,54.27,409
S002_P0019,2024-01-07,6,213.35,54.27,409
S002_P0019,2024-01-08,7,211.36,54.27,409
S002_P0020,2024-01-02,1,263.37,75.94,284
S002_P0020,2024-01-03,2,217.84,75.94,284
S002_P0020,2024-01-04,3,209.65,75.94,284
S002_P0020,2024-01-05,4,230.74,75.94,284
S002_P0020,2024-01-06,5,218.8,75.94,284
S002_P0020,2024-01-07,6,227.79,75.94,284
S002_P0020,2024-01-08,7,229.1,75.94,284
S003_P0001,2024-01-02,1,93.65,52.72,138
S003_P0001,2024-01-03,2,107.24,52.72,138
S003_P0001,2024-01-04,3,76.67,52.72,138
S003_P0001,2024-01-05,4,77.25,52.72,138
S003_P0001,2024-01-06,5,81.22,52.72,138
S003_P0001,2024-01-07,6,94.71,52.72,138
S003_P0001,2024-01-08,7,87.09,52.72,138
S003_P0002,2024-01-02,1,248.32,39.66,388
S003_P0002,2024-01-03,2,241.15,39.66,388
S003_P0002,2024-01-04,3,260.46,39.66,388
S003_P0002,2024-01-05,4,242.73,39.66,388
S003_P0002,2024-01-06,5,261.76,39.66,388
S003_P0002,2024-01-07,6,247.38,39.66,388
S003_P0002,2024-01-08,7,250.46,39.66,388
S003_P0003,2024-01-02,1,113.39,41.99,112
S003_P0003,2024-01-03,2,128.17,41.99,112
S003_P0003,2024-01-04,3,114.64,41.99,112
S003_P0003,2024-01-05,4,149.92,41.99,112
S003_P0003,2024-01-06,5,113.37,41.99,112
S003_P0003,2024-01-07,6,95.16,41.99,112
S003_P0003,2024-01-08,7,116.62,41.99,112
S003_P0004,2024-01-02,1,151.66,72.75,415
S003_P0004,2024-01-03,2,175.62,72.75,415
S003_P0004,2024-01-04,3,145.2,72.75,415
S003_P0004,2024-01-05,4,142.87,72.75,415
S003_P0004,2024-01-06,5,142.19,72.75,415
S003_P0004,2024-01-07,6,136.32,72.75,415
S003_P0004,2024-01-08,7,148.36,72.75,415
S003_P0005,2024-01-02,1,175.32,82.16,411
S003_P0005,2024-01-03,2,180.34,82.16,411
S003_P0005,2024-01-04,3,192.39,82.16,411
S003_P0005,2024-01-05,4,213.57,82.16,411
S003_P0005,2024-01-06,5,160.93,82.16,411
S003_P0005,2024-01-07,6,209.43,82.16,411
S003_P0005,2024-01-08,7,188.55,82.16,411
S003_P0006,2024-01-02,1,240.82,24.39,451
S003_P0006,2024-01-03,2,254.91,24.39,451
S003_P0006,2024-01-04,3,246.96,24.39,451
S003_P0006,2024-01-05,4,279.4,24.39,451
S003_P0006,2024-01-06,5,280.78,24.39,451
S003_P0006,2024-01-07,6,282.12,24.39,451
S003_P0006,2024-01-08,7,261.22,24.39,451
S003_P0007,2024-01-02,1,140.02,54.87,108
S003_P0007,2024-01-03,2,132.41,54.87,108
S003_P0007,2024-01-04,3,115.38,54.87,108
S003_P0007,2024-01-05,4,115.5,54.87,108
S003_P0007,2024-01-06,5,112.32,54.87,108
S003_P0007,2024-01-07,6,120.39,54.87,108
S003_P0007,2024-01-08,7,122.5,54.87,108
S003_P0008,2024-01-02,1,106.07,56.59,103
S003_P0008,2024-01-03,2,118.34,56.59,103
S003_P0008,2024-01-04,3,101.97,56.59,103
S003_P0008,2024-01-05,4,89.23,56.59,103
S003_P0008,2024-01-06,5,92.37,56.59,103
S003_P0008,2024-01-07,6,100.17,56.59,103
S003_P0008,2024-01-08,7,101.39,56.59,103
S003_P0009,2024-01-02,1,120.97,54.64,496
S003_P0009,2024-01-03,2,154.36,54.64,496
S003_P0009,2024-01-04,3,143.74,54.64,496
S003_P0009,2024-01-05,4,139.49,54.64,496
S003_P0009,2024-01-06,5,118.5,54.64,496
S003_P0009,2024-01-07,6,103.24,54.64,496
S003_P0009,2024-01-08,7,123.55,54.64,496
S003_P0010,2024-01-02,1,159.37,80.87,413
S003_P0010,2024-01-03,2,188.92,80.87,413
S003_P0010,2024-01-04,3,189.35,80.87,413
S003_P0010,2024-01-05,4,177.08,80.87,413
S003_P0010,2024-01-06,5,214.67,80.87,413
S003_P0010,2024-01-07,6,225.41,80.87,413
S003_P0010,2024-01-08,7,190.62,80.87,413
S003_P0011,2024-01-02,1,142.62,38.43,137
S003_P0011,2024-01-03,2,170.61,38.43,137
S003_P0011,2024-01-04,3,167.2,38.43,137
S003_P0011,2024-01-05,4,162.38,38.43,137
S003_P0011,2024-01-06,5,169.8,38.43,137
S003_P0011,2024-01-07,6,153.0,38.43,137
S003_P0011,2024-01-08,7,160.94,38.43,137
S003_P0012,2024-01-02,1,115.54,84.56,108
S003_P0012,2024-01-03,2,112.84,84.56,108
S003_P0012,2024-01-04,3,95.6,84.56,108
S003_P0012,2024-01-05,4,93.78,84.56,108
S003_P0012,2024-01-06,5,99.61,84.56,108
S003_P0012,2024-01-07,6,103.34,84.56,108
S003_P0012,2024-01-08,7,102.52,84.56,108
S003_P0013,2024-01-02,1,142.21,13.45,388
S003_P0013,2024-01-03,2,108.95,13.45,388
S003_P0013,2024-01-04,3,126.72,13.45,388
S003_P0013,2024-01-05,4,121.92,13.45,388
S003_P0013,2024-01-06,5,117.62,13.45,388
S003_P0013,2024-01-07,6,125.74,13.45,388
S003_P0013,2024-01-08,7,123.53,13.45,388
S003_P0014,2024-01-02,1,137.18,73.4,230
S003_P0014,2024-01-03,2,143.47,73.4,230
S003_P0014,2024-01-04,3,123.36,73.4,230
S003_P0014,2024-01-05,4,114.02,73.4,230
S003_P0014,2024-01-06,5,121.61,73.4,230
S003_P0014,2024-01-07,6,122.71,73.4,230
S003_P0014,2024-01-08,7,126.39,73.4,230
S003_P0015,2024-01-02,1,157.85,59.8,270
S003_P0015,2024-01-03,2,169.24,59.8,270
S003_P0015,2024-01-04,3,175.97,59.8,270
S003_P0015,2024-01-05,4,157.37,59.8,270
S003_P0015,2024-01-06,5,148.39,59.8,270
S003_P0015,2024-01-07,6,163.98,59.8,270
S003_P0015,2024-01-08,7,161.91,59.8,270
S003_P0016,2024-01-02,1,135.11,55.17,166
S003_P0016,2024-01-03,2,104.76,55.17,166
S003_P0016,2024-01-04,3,100.1,55.17,166
S003_P0016,2024-01-05,4,124.19,55.17,166
S003_P0016,2024-01-06,5,100.32,55.17,166
S003_P0016,2024-01-07,6,117.72,55.17,166
S003_P0016,2024-01-08,7,114.38,55.17,166
S003_P0017,2024-01-02,1,118.61,67.36,239
S003_P0017,2024-01-03,2,116.55,67.36,239
S003_P0017,2024-01-04,3,94.1,67.36,239
S003_P0017,2024-01-05,4,98.27,67.36,239
S003_P0017,2024-01-06,5,98.28,67.36,239
S003_P0017,2024-01-07,6,99.78,67.36,239
S003_P0017,2024-01-08,7,103.99,67.36,239
S003_P0018,2024-01-02,1,87.94,29.45,375
S003_P0018,2024-01-03,2,111.72,29.45,375
S003_P0018,2024-01-04,3,115.57,29.45,375
S003_P0018,2024-01-05,4,82.88,29.45,375
S003_P0018,2024-01-06,5,107.41,29.45,375
S003_P0018,2024-01-07,6,118.7,29.45,375
S003_P0018,2024-01-08,7,103.86,29.45,375
S003_P0019,2024-01-02,1,152.38,62.0,253
S003_P0019,2024-01-03,2,181.6,62.0,253
S003_P0019,2024-01-04,3,162.16,62.0,253
S003_P0019,2024-01-05,4,182.98,62.0,253
S003_P0019,2024-01-06,5,174.78,62.0,253
S003_P0019,2024-01-07,6,175.35,62.0,253
S003_P0019,2024-01-08,7,171.39,62.0,253
S003_P0020,2024-01-02,1,82.82,54.19,417
S003_P0020,2024-01-03,2,91.8,54.19,417
S003_P0020,2024-01-04,3,89.44,54.19,417
S003_P0020,2024-01-05,4,74.89,54.19,417
S003_P0020,2024-01-06,5,115.58,54.19,417
S003_P0020,2024-01-07,6,124.36,54.19,417
S003_P0020,2024-01-08,7,95.14,54.19,417
S004_P0001,2024-01-02,1,130.69,42.34,497
S004_P0001,2024-01-03,2,135.11,42.34,497
S004_P0001,2024-01-04,3,168.24,42.34,497
S004_P0001,2024-01-05,4,208.86,42.34,497
S004_P0001,2024-01-06,5,199.31,42.34,497
S004_P0001,2024-01-07,6,222.68,42.34,497
S004_P0001,2024-01-08,7,173.57,42.34,497
S004_P0002,2024-01-02,1,151.48,30.65,181
S004_P0002,2024-01-03,2,156.18,30.65,181
S004_P0002,2024-01-04,3,167.52,30.65,181
S004_P0002,2024-01-05,4,185.38,30.65,181
S004_P0002,2024-01-06,5,172.69,30.65,181
S004_P0002,2024-01-07,6,168.68,30.65,181
S004_P0002,2024-01-08,7,166.96,30.65,181
S004_P0003,2024-01-02,1,153.7,72.63,419
S004_P0003,2024-01-03,2,165.25,72.63,419
S004_P0003,2024-01-04,3,137.5,72.63,419
S004_P0003,2024-01-05,4,115.13,72.63,419
S004_P0003,2024-01-06,5,109.95,72.63,419
S004_P0003,2024-01-07,6,127.44,72.63,419
S004_P0003,2024-01-08,7,138.2,72.63,419
S004_P0004,2024-01-02,1,111.86,43.53,105
S004_P0004,2024-01-03,2,113.09,43.53,105
S004_P0004,2024-01-04,3,109.29,43.53,105
S004_P0004,2024-01-05,4,86.97,43.53,105
S004_P0004,2024-01-06,5,101.65,43.53,105
S004_P0004,2024-01-07,6,89.57,43.53,105
S004_P0004,2024-01-08,7,101.54,43.53,105
S004_P0005,2024-01-02,1,147.82,77.66,217
S004_P0005,2024-01-03,2,131.0,77.66,217
S004_P0005,2024-01-04,3,130.9,77.66,217
S004_P0005,2024-01-05,4,134.16,77.66,217
S004_P0005,2024-01-06,5,131.48,77.66,217
S004_P0005,2024-01-07,6,131.24,77.66,217
S004_P0005,2024-01-08,7,133.81,77.66,217
S004_P0006,2024-01-02,1,194.93,42.43,364
S004_P0006,2024-01-03,2,187.29,42.43,364
S004_P0006,2024-01-04,3,162.57,42.43,364
S004_P0006,2024-01-05,4,143.68,42.43,364
S004_P0006,2024-01-06,5,160.41,42.43,364
S004_P0006,2024-01-07,6,176.87,42.43,364
S004_P0006,2024-01-08,7,172.85,42.43,364
S004_P0007,2024-01-02,1,181.16,27.45,134
S004_P0007,2024-01-03,2,181.84,27.45,134
S004_P0007,2024-01-04,3,162.79,27.45,134
S004_P0007,2024-01-05,4,163.65,27.45,134
S004_P0007,2024-01-06,5,146.56,27.45,134
S004_P0007,2024-01-07,6,158.54,27.45,134
S004_P0007,2024-01-08,7,165.65,27.45,134
S004_P0008,2024-01-02,1,202.33,80.66,390
S004_P0008,2024-01-03,2,172.59,80.66,390
S004_P0008,2024-01-04,3,166.26,80.66,390
S004_P0008,2024-01-05,4,188.14,80.66,390
S004_P0008,2024-01-06,5,194.92,80.66,390
S004_P0008,2024-01-07,6,221.87,80.66,390
S004_P0008,2024-01-08,7,190.13,80.66,390
S004_P0009,2024-01-02,1,129.57,48.65,115
S004_P0009,2024-01-03,2,146.43,48.65,115
S004_P0009,2024-01-04,3,132.2,48.65,115
S004_P0009,2024-01-05,4,134.06,48.65,115
S004_P0009,2024-01-06,5,145.44,48.65,115
S004_P0009,2024-01-07,6,126.21,48.65,115
S004_P0009,2024-01-08,7,135.2,48.65,115
S004_P0010,2024-01-02,1,130.48,15.35,382
S004_P0010,2024-01-03,2,133.36,15.35,382
S004_P0010,2024-01-04,3,140.3,15.35,382
S004_P0010,2024-01-05,4,139.49,15.35,382
S004_P0010,2024-01-06,5,119.94,15.35,382
S004_P0010,2024-01-07,6,131.51,15.35,382
S004_P0010,2024-01-08,7,132.06,15.35,382
S004_P0011,2024-01-02,1,165.07,88.17,155
S004_P0011,2024-01-03,2,189.49,88.17,155
S004_P0011,2024-01-04,3,188.2,88.17,155
S004_P0011,2024-01-05,4,158.86,88.17,155
S004_P0011,2024-01-06,5,140.64,88.17,155
S004_P0011,2024-01-07,6,159.33,88.17,155
S004_P0011,2024-01-08,7,168.19,88.17,155
S004_P0012,2024-01-02,1,113.28,11.65,85
S004_P0012,2024-01-03,2,101.64,11.65,85
S004_P0012,2024-01-04,3,126.86,11.65,85
S004_P0012,2024-01-05,4,131.15,11.65,85
S004_P0012,2024-01-06,5,102.62,11.65,85
S004_P0012,2024-01-07,6,104.68,11.65,85
S004_P0012,2024-01-08,7,109.09,11.65,85
S004_P0013,2024-01-02,1,102.07,90.89,113
S004_P0013,2024-01-03,2,100.77,90.89,113
S004_P0013,2024-01-04,3,91.57,90.89,113
S004_P0013,2024-01-05,4,111.97,90.89,113
S004_P0013,2024-01-06,5,76.8,90.89,113
S004_P0013,2024-01-07,6,81.03,90.89,113
S004_P0013,2024-01-08,7,95.18,90.89,113
S004_P0014,2024-01-02,1,137.56,53.27,386
S004_P0014,2024-01-03,2,137.0,53.27,386
S004_P0014,2024-01-04,3,141.4,53.27,386
S004_P0014,2024-01-05,4,120.16,53.27,386
S004_P0014,2024-01-06,5,136.0,53.27,386
S004_P0014,2024-01-07,6,145.58,53.27,386
S004_P0014,2024-01-08,7,134.88,53.27,386
S004_P0015,2024-01-02,1,71.92,34.9,56
S004_P0015,2024-01-03,2,58.41,34.9,56
S004_P0015,2024-01-04,3,61.13,34.9,56
S004_P0015,2024-01-05,4,57.39,34.9,56
S004_P0015,2024-01-06,5,60.42,34.9,56
S004_P0015,2024-01-07,6,52.67,34.9,56
S004_P0015,2024-01-08,7,59.88,34.9,56
S004_P0016,2024-01-02,1,151.93,19.12,314
S004_P0016,2024-01-03,2,144.08,19.12,314
S004_P0016,2024-01-04,3,160.38,19.12,314
S004_P0016,2024-01-05,4,156.87,19.12,314
S004_P0016,2024-01-06,5,167.65,19.12,314
S004_P0016,2024-01-07,6,161.99,19.12,314
S004_P0016,2024-01-08,7,158.39,19.12,314
S004_P0017,2024-01-02,1,140.36,20.61,100
S004_P0017,2024-01-03,2,155.02,20.61,100
S004_P0017,2024-01-04,3,157.24,20.61,100
S004_P0017,2024-01-05,4,155.69,20.61,100
S004_P0017,2024-01-06,5,123.1,20.61,100
S004_P0017,2024-01-07,6,127.28,20.61,100
S004_P0017,2024-01-08,7,143.11,20.61,100
S004_P0018,2024-01-02,1,81.44,82.97,83
S004_P0018,2024-01-03,2,94.91,82.97,83
S004_P0018,2024-01-04,3,111.02,82.97,83
S004_P0018,2024-01-05,4,123.4,82.97,83
S004_P0018,2024-01-06,5,111.33,82.97,83
S004_P0018,2024-01-07,6,84.56,82.97,83
S004_P0018,2024-01-08,7,97.81,82.97,83
S004_P0019,2024-01-02,1,91.83,61.04,65
S004_P0019,2024-01-03,2,103.57,61.04,65
S004_P0019,2024-01-04,3,109.39,61.04,65
S004_P0019,2024-01-05,4,67.48,61.04,65
S004_P0019,2024-01-06,5,91.15,61.04,65
S004_P0019,2024-01-07,6,81.34,61.04,65
S004_P0019,2024-01-08,7,90.88,61.04,65
S004_P0020,2024-01-02,1,136.57,32.87,249
S004_P0020,2024-01-03,2,158.74,32.87,249
S004_P0020,2024-01-04,3,134.57,32.87,249
S004_P0020,2024-01-05,4,136.84,32.87,249
S004_P0020,2024-01-06,5,164.51,32.87,249
S004_P0020,2024-01-07,6,166.47,32.87,249
S004_P0020,2024-01-08,7,152.75,32.87,249
S005_P0001,2024-01-02,1,150.39,99.33,300
S005_P0001,2024-01-03,2,121.06,99.33,300
S005_P0001,2024-01-04,3,129.48,99.33,300
S005_P0001,2024-01-05,4,127.28,99.33,300
S005_P0001,2024-01-06,5,130.71,99.33,300
S005_P0001,2024-01-07,6,141.92,99.33,300
S005_P0001,2024-01-08,7,133.09,99.33,300
S005_P0002,2024-01-02,1,188.72,34.96,253
S005_P0002,2024-01-03,2,185.79,34.96,253
S005_P0002,2024-01-04,3,181.7,34.96,253
S005_P0002,2024-01-05,4,189.96,34.96,253
S005_P0002,2024-01-06,5,181.27,34.96,253
S005_P0002,2024-01-07,6,177.29,34.96,253
S005_P0002,2024-01-08,7,184.02,34.96,253
S005_P0003,2024-01-02,1,142.11,24.17,98
S005_P0003,2024-01-03,2,126.96,24.17,98
S005_P0003,2024-01-04,3,121.34,24.17,98
S005_P0003,2024-01-05,4,115.23,24.17,98
S005_P0003,2024-01-06,5,129.86,24.17,98
S005_P0003,2024-01-07,6,122.77,24.17,98
S005_P0003,2024-01-08,7,126.36,24.17,98
S005_P0004,2024-01-02,1,140.42,77.29,158
S005_P0004,2024-01-03,2,122.82,77.29,158
S005_P0004,2024-01-04,3,114.73,77.29,158
S005_P0004,2024-01-05,4,100.17,77.29,158
S005_P0004,2024-01-06,5,101.82,77.29,158
S005_P0004,2024-01-07,6,114.8,77.29,158
S005_P0004,2024-01-08,7,114.92,77.29,158
S005_P0005,2024-01-02,1,227.34,96.72,372
S005_P0005,2024-01-03,2,276.85,96.72,372
S005_P0005,2024-01-04,3,303.4,96.72,372
S005_P0005,2024-01-05,4,273.2,96.72,372
S005_P0005,2024-01-06,5,238.15,96.72,372
S005_P0005,2024-01-07,6,243.75,96.72,372
S005_P0005,2024-01-08,7,261.86,96.72,372
S005_P0006,2024-01-02,1,157.56,71.3,491
S005_P0006,2024-01-03,2,135.49,71.3,491
S005_P0006,2024-01-04,3,147.39,71.3,491
S005_P0006,2024-01-05,4,153.57,71.3,491
S005_P0006,2024-01-06,5,179.61,71.3,491
S005_P0006,2024-01-07,6,160.51,71.3,491
S005_P0006,2024-01-08,7,159.07,71.3,491
S005_P0007,2024-01-02,1,89.75,62.12,59
S005_P0007,2024-01-03,2,85.82,62.12,59
S005_P0007,2024-01-04,3,73.75,62.12,59
S005_P0007,2024-01-05,4,78.49,62.12,59
S005_P0007,2024-01-06,5,80.41,62.12,59
S005_P0007,2024-01-07,6,72.61,62.12,59
S005_P0007,2024-01-08,7,79.32,62.12,59
S005_P0008,2024-01-02,1,186.41,63.42,409
S005_P0008,2024-01-03,2,179.77,63.42,409
S005_P0008,2024-01-04,3,168.38,63.42,409
S005_P0008,2024-01-05,4,177.04,63.42,409
S005_P0008,2024-01-06,5,163.92,63.42,409
S005_P0008,2024-01-07,6,195.28,63.42,409
S005_P0008,2024-01-08,7,178.72,63.42,409
S005_P0009,2024-01-02,1,170.0,87.7,319
S005_P0009,2024-01-03,2,159.32,87.7,319
S005_P0009,2024-01-04,3,148.77,87.7,319
S005_P0009,2024-01-05,4,169.67,87.7,319
S005_P0009,2024-01-06,5,141.0,87.7,319
S005_P0009,2024-01-07,6,164.59,87.7,319
S005_P0009,2024-01-08,7,158.53,87.7,319
S005_P0010,2024-01-02,1,133.97,19.2,308
S005_P0010,2024-01-03,2,139.34,19.2,308
S005_P0010,2024-01-04,3,157.3,19.2,308
S005_P0010,2024-01-05,4,154.69,19.2,308
S005_P0010,2024-01-06,5,164.66,19.2,308
S005_P0010,2024-01-07,6,155.56,19.2,308
S005_P0010,2024-01-08,7,151.19,19.2,308
S005_P0011,2024-01-02,1,66.7,86.09,156
S005_P0011,2024-01-03,2,114.74,86.09,156
S005_P0011,2024-01-04,3,123.21,86.09,156
S005_P0011,2024-01-05,4,69.0,86.09,156
S005_P0011,2024-01-06,5,87.98,86.09,156
S005_P0011,2024-01-07,6,97.72,86.09,156
S005_P0011,2024-01-08,7,90.09,86.09,156
S005_P0012,2024-01-02,1,129.6,36.94,495
S005_P0012,2024-01-03,2,148.17,36.94,495
S005_P0012,2024-01-04,3,149.47,36.94,495
S005_P0012,2024-01-05,4,173.47,36.94,495
S005_P0012,2024-01-06,5,157.39,36.94,495
S005_P0012,2024-01-07,6,180.45,36.94,495
S005_P0012,2024-01-08,7,157.69,36.94,495
S005_P0013,2024-01-02,1,259.88,32.05,389
S005_P0013,2024-01-03,2,239.25,32.05,389
S005_P0013,2024-01-04,3,247.62,32.05,389
S005_P0013,2024-01-05,4,238.68,32.05,389
S005_P0013,2024-01-06,5,239.28,32.05,389
S005_P0013,2024-01-07,6,251.05,32.05,389
S005_P0013,2024-01-08,7,246.05,32.05,389
S005_P0014,2024-01-02,1,148.64,66.5,328
S005_P0014,2024-01-03,2,159.34,66.5,328
S005_P0014,2024-01-04,3,132.75,66.5,328
S005_P0014,2024-01-05,4,130.51,66.5,328
S005_P0014,2024-01-06,5,137.6,66.5,328
S005_P0014,2024-01-07,6,148.9,66.5,328
S005_P0014,2024-01-08,7,142.72,66.5,328
S005_P0015,2024-01-02,1,134.17,83.26,408
S005_P0015,2024-01-03,2,154.56,83.26,408
S005_P0015,2024-01-04,3,134.87,83.26,408
S005_P0015,2024-01-05,4,137.89,83.26,408
S005_P0015,2024-01-06,5,150.48,83.26,408
S005_P0015,2024-01-07,6,182.28,83.26,408
S005_P0015,2024-01-08,7,147.55,83.26,408
S005_P0016,2024-01-02,1,90.9,73.73,96
S005_P0016,2024-01-03,2,80.69,73.73,96
S005_P0016,2024-01-04,3,91.57,73.73,96
S005_P0016,2024-01-05,4,64.77,73.73,96
S005_P0016,2024-01-06,5,68.13,73.73,96
S005_P0016,2024-01-07,6,69.3,73.73,96
S005_P0016,2024-01-08,7,76.04,73.73,96
S005_P0017,2024-01-02,1,140.78,82.57,313
S005_P0017,2024-01-03,2,145.83,82.57,313
S005_P0017,2024-01-04,3,147.82,82.57,313
S005_P0017,2024-01-05,4,137.96,82.57,313
S005_P0017,2024-01-06,5,131.11,82.57,313
S005_P0017,2024-01-07,6,122.61,82.57,313
S005_P0017,2024-01-08,7,137.9,82.57,313
S005_P0018,2024-01-02,1,117.35,11.11,278
S005_P0018,2024-01-03,2,79.07,11.11,278
S005_P0018,2024-01-04,3,91.42,11.11,278
S005_P0018,2024-01-05,4,80.0,11.11,278
S005_P0018,2024-01-06,5,90.7,11.11,278
S005_P0018,2024-01-07,6,82.81,11.11,278
S005_P0018,2024-01-08,7,90.11,11.11,278
S005_P0019,2024-01-02,1,162.99,53.14,374
S005_P0019,2024-01-03,2,129.8,53.14,374
S005_P0019,2024-01-04,3,114.93,53.14,374
S005_P0019,2024-01-05,4,120.6,53.14,374
S005_P0019,2024-01-06,5,139.8,53.14,374
S005_P0019,2024-01-07,6,154.99,53.14,374
S005_P0019,2024-01-08,7,136.63,53.14,374
S005_P0020,2024-01-02,1,99.82,78.39,117
S005_P0020,2024-01-03,2,108.12,78.39,117
S005_P0020,2024-01-04,3,116.28,78.39,117
S005_P0020,2024-01-05,4,96.11,78.39,117
S005_P0020,2024-01-06,5,77.12,78.39,117
S005_P0020,2024-01-07,6,84.69,78.39,117
S005_P0020,2024-01-08,7,95.94,78.39,117
