sku,date,units_sold,lgb,xgb,arima,tree_blend,mae_arima,forecast
S001_P0001,2023-12-26,46,82.47740129309447,71.84528,134.70739671339066,77.0550194336163,82.40957437898257,77.0550194336163
S001_P0001,2023-12-27,196,146.01760214315684,107.72374,141.4518999073401,126.48773245014686,82.40957437898257,126.48773245014686
S001_P0001,2023-12-28,67,137.38627146735178,171.60751,133.1847096401106,154.83910311900235,82.40957437898257,154.83910311900235
S001_P0001,2023-12-29,168,175.61739819124745,214.84636,141.37663583354717,195.62416871371124,82.40957437898257,195.62416871371124
S001_P0001,2023-12-30,30,146.66763959783137,162.52779,133.28432938052194,154.75631630293736,82.40957437898257,154.75631630293736
S001_P0001,2023-12-31,26,116.8159023918774,53.271538,141.27782806474343,84.40827655201993,82.40957437898257,84.40827655201993
S001_P0001,2024-01-01,40,100.8601710657428,122.726006,133.38193709039433,112.01174688221397,82.40957437898257,112.01174688221397
S001_P0002,2023-12-26,176,94.4638676415398,95.94723,122.49824134497388,95.2203824443545,58.68901487222714,95.2203824443545
S001_P0002,2023-12-27,48,146.0524734464661,168.76956,118.2596909168073,157.6381875887684,58.68901487222714,157.6381875887684
S001_P0002,2023-12-28,22,101.63280848854971,98.97845,121.82747297516912,100.27908565938935,58.68901487222714,100.27908565938935
S001_P0002,2023-12-29,81,3.862263463167807,37.65264,119.35546829284716,21.095355496952223,58.68901487222714,21.095355496952223
S001_P0002,2023-12-30,105,180.04182269720377,154.7809,121.0898102110346,167.15875212162985,58.68901487222714,167.15875212162985
S001_P0002,2023-12-31,6,127.991851965991,87.28055,119.8740714148346,107.22908796333559,58.68901487222714,107.22908796333559
S001_P0002,2024-01-01,99,175.09838713990055,152.29358,120.7263316812098,163.46793549855127,58.68901487222714,163.46793549855127
S001_P0003,2023-12-26,362,147.5323429780963,175.31787,147.0417692958676,161.70296175926717,76.42831980594754,161.70296175926717
S001_P0003,2023-12-27,203,14.40520655546922,0.0,139.4322638414332,7.058551212179918,76.42831980594754,7.058551212179918
S001_P0003,2023-12-28,212,35.15983749470545,38.543194,143.2972061693095,36.885349312405666,76.42831980594754,36.885349312405666
S001_P0003,2023-12-29,107,79.27225851240125,55.415028,139.62192760984007,67.10507095107661,76.42831980594754,67.10507095107661
S001_P0003,2023-12-30,91,173.8538253061524,136.43437,143.28382952040602,154.7699031000147,76.42831980594754,154.7699031000147
S001_P0003,2023-12-31,143,175.7889677874448,118.3644,139.62655789444827,146.50243821584795,76.42831980594754,146.50243821584795
S001_P0003,2024-01-01,64,193.35998854017643,210.40752,143.27963747851933,202.05422958468645,76.42831980594754,202.05422958468645
S001_P0004,2023-12-26,123,133.61759637561408,187.96074,142.08611690492464,161.33259962405089,82.99392972620537,161.33259962405089
S001_P0004,2023-12-27,360,108.58996619391196,70.17002,139.983519226559,88.99579363501685,82.99392972620537,88.99579363501685
S001_P0004,2023-12-28,265,257.8766115898731,301.2657,141.82997987313675,280.00504667903783,82.99392972620537,280.00504667903783
S001_P0004,2023-12-29,73,101.98935447321092,155.20369,139.99759488808678,129.12866559187336,82.99392972620537,129.12866559187336
S001_P0004,2023-12-30,43,177.20394228267796,142.57224,141.81464883628084,159.5417741185122,82.99392972620537,159.5417741185122
S001_P0004,2023-12-31,158,210.31850456729,219.49907,140.01278986166764,215.0005929379721,82.99392972620537,215.0005929379721
S001_P0004,2024-01-01,182,140.8613697989281,135.61882,141.79958088489553,138.18766940147478,82.99392972620537,138.18766940147478
S001_P0005,2023-12-26,458,185.71130126349496,135.0124,127.58125622412,159.85486161911254,112.57110423505596,159.85486161911254
S001_P0005,2023-12-27,35,130.8778130324681,136.78973,124.5279060509877,133.89289068590938,112.57110423505596,133.89289068590938
S001_P0005,2023-12-28,97,113.2684598107887,158.52089,142.7871526717309,136.34719920728645,112.57110423505596,136.34719920728645
S001_P0005,2023-12-29,270,160.19501422590264,182.0288,123.85768850219092,171.3302449706923,112.57110423505596,171.3302449706923
S001_P0005,2023-12-30,132,101.29000133344572,123.86882,141.91000873175298,112.80519885338839,112.57110423505596,112.80519885338839
S001_P0005,2023-12-31,52,112.99840868572876,102.0907,124.85210503609248,107.43547725600709,112.57110423505596,107.43547725600709
S001_P0005,2024-01-01,272,114.53918164113551,140.40323,140.95312430056862,127.72984630415641,112.57110423505596,127.72984630415641
S001_P0006,2023-12-26,85,218.74448490734844,176.99315,125.33877755461344,197.45130410460075,60.99388609881362,197.45130410460075
S001_P0006,2023-12-27,109,155.1389910521482,161.6039,134.74405873529324,158.43609461555263,60.99388609881362,158.43609461555263
S001_P0006,2023-12-28,12,99.8416948129276,155.06389,127.08635531279783,128.0050143583345,60.99388609881362,128.0050143583345
S001_P0006,2023-12-29,46,121.96761127137904,125.859955,133.76396917449634,123.95270657297573,60.99388609881362,123.95270657297573
S001_P0006,2023-12-30,38,102.34862904835433,168.96646,127.94693355452787,136.32372283369364,60.99388609881362,136.32372283369364
S001_P0006,2023-12-31,146,152.09763748296717,77.38964,133.01437214934887,113.99655876665392,60.99388609881362,113.99655876665392
S001_P0006,2024-01-01,87,186.62009198107893,206.24886,128.59993665394484,196.6307636707287,60.99388609881362,196.6307636707287
S001_P0007,2023-12-26,256,171.82043000166595,186.95506,135.5089641865699,179.53909130081632,101.30165992125931,179.53909130081632
S001_P0007,2023-12-27,56,158.102656133962,142.95282,124.41809755440532,150.37623970564138,101.30165992125931,150.37623970564138
S001_P0007,2023-12-28,144,184.0941952635242,140.94144,136.44280318082193,162.08629007912685,101.30165992125931,162.08629007912685
S001_P0007,2023-12-29,59,181.4494452611554,197.40245,124.81787676035178,189.58547767796614,101.30165992125931,189.58547767796614
S001_P0007,2023-12-30,368,158.0623932267948,112.53322,136.07090673725264,134.84251488112943,101.30165992125931,134.84251488112943
S001_P0007,2023-12-31,181,156.70435222928373,148.2895,125.178044831755,152.41277759234902,101.30165992125931,152.41277759234902
S001_P0007,2024-01-01,9,250.8082398523008,144.93768,135.72226827677446,196.8142543276274,101.30165992125931,196.8142543276274
S001_P0008,2023-12-26,192,138.4564542715098,169.87854,140.40814424739267,154.4817179930398,74.73106753010946,154.4817179930398
S001_P0008,2023-12-27,168,79.14326144071123,153.03113,137.2719103529338,116.8260744059485,74.73106753010946,116.8260744059485
S001_P0008,2023-12-28,287,62.43189552155102,111.73973,137.13169575779,87.57889110555999,74.73106753010946,87.57889110555999
S001_P0008,2023-12-29,105,80.49280657869382,99.18525,137.15933162586398,90.02595272355997,74.73106753010946,90.02595272355997
S001_P0008,2023-12-30,12,118.78895941674214,0.0,137.1282589790531,58.20659011420365,74.73106753010946,58.20659011420365
S001_P0008,2023-12-31,100,120.43172428959512,91.58115,137.15880242683997,105.71793140190161,74.73106753010946,105.71793140190161
S001_P0008,2024-01-01,233,125.15627245748608,137.6975,137.1286471284095,131.55229850416816,74.73106753010946,131.55229850416816
S001_P0009,2023-12-26,96,57.272316266784586,48.29744,144.61975224279325,52.695129370724445,54.88194857811277,52.695129370724445
S001_P0009,2023-12-27,212,198.2605959080485,203.42403,142.5589664515022,200.89394729494376,54.88194857811277,200.89394729494376
S001_P0009,2023-12-28,96,96.203703539245,120.68842,143.74102026244373,108.69090893423004,54.88194857811277,108.69090893423004
S001_P0009,2023-12-29,147,152.3942277117714,196.64212,142.77946552941867,174.960652778768,54.88194857811277,174.960652778768
S001_P0009,2023-12-30,138,160.6554870931942,179.62863,143.56370572576017,170.33178997566517,54.88194857811277,170.33178997566517
S001_P0009,2023-12-31,54,65.20986271260733,81.41187,142.9240720761535,73.47288642917759,54.88194857811277,73.47288642917759
S001_P0009,2024-01-01,22,106.4593330368547,45.794666,143.44576332517363,75.5203528480588,54.88194857811277,75.5203528480588
S001_P0010,2023-12-26,133,128.00178204519426,132.7786,136.22006528693402,130.43795920214518,83.39894119083125,130.43795920214518
S001_P0010,2023-12-27,13,85.26805475545724,67.6375,138.48459849247348,76.27647183017405,83.39894119083125,76.27647183017405
S001_P0010,2023-12-28,114,152.705534189348,153.85976,137.03653654984905,153.2941893527805,83.39894119083125,153.2941893527805
S001_P0010,2023-12-29,53,181.87162063357349,201.22404,138.1493358783366,191.741354510451,83.39894119083125,191.741354510451
S001_P0010,2023-12-30,331,86.77980489440971,109.504524,137.29540115934455,98.36941163826076,83.39894119083125,98.36941163826076
S001_P0010,2023-12-31,58,167.13725137880334,87.64854,137.9506962399898,126.59800857561365,83.39894119083125,126.59800857561365
S001_P0010,2024-01-01,70,97.40686582180636,49.286068,137.44783389924507,72.86525893268512,83.39894119083125,72.86525893268512
S001_P0011,2023-12-26,153,115.87674906113456,103.00209,130.71098195365303,109.31067293995594,89.69644124634871,109.31067293995594
S001_P0011,2023-12-27,33,111.53912573216,64.15969,147.0529509266358,87.3756135087584,89.69644124634871,87.3756135087584
S001_P0011,2023-12-28,231,41.6580163123071,66.83402,133.6040674043046,54.49777819303048,89.69644124634871,54.49777819303048
S001_P0011,2023-12-29,218,156.7356786825753,187.12454,145.19670740896635,172.2339979544619,89.69644124634871,172.2339979544619
S001_P0011,2023-12-30,55,264.36308111208723,175.32565,135.20710633952876,218.95399124492275,89.69644124634871,218.95399124492275
S001_P0011,2023-12-31,267,175.5736128069786,200.62346,143.81535425395046,188.3490348754195,89.69644124634871,188.3490348754195
S001_P0011,2024-01-01,15,103.15583537782102,93.132095,136.39744729757024,98.0437277851323,89.69644124634871,98.0437277851323
S001_P0012,2023-12-26,296,78.42210287037032,85.57739,125.1449703292719,82.07129930648145,95.70921235210947,82.07129930648145
S001_P0012,2023-12-27,369,145.76992261205754,127.337906,128.230575457659,136.3695941399082,95.70921235210947,136.3695941399082
S001_P0012,2023-12-28,159,73.00248866808377,207.79837,128.37898116294772,141.74838814736106,95.70921235210947,141.74838814736106
S001_P0012,2023-12-29,86,41.063648554986536,46.41509,128.367590927057,43.7928836919434,95.70921235210947,43.7928836919434
S001_P0012,2023-12-30,160,170.10571652916238,121.08014,128.38332000021296,145.10267249928955,95.70921235210947,145.10267249928955
S001_P0012,2023-12-31,25,210.2111558162164,179.11478,128.36906272762369,194.35200414994603,95.70921235210947,194.35200414994603
S001_P0012,2024-01-01,51,136.41791381201807,159.9817,128.38219432870048,148.43544476788884,95.70921235210947,148.43544476788884
S001_P0013,2023-12-26,12,129.79242883560775,244.27412,140.3455448845208,188.1780913294478,51.75352094560622,188.1780913294478
S001_P0013,2023-12-27,206,250.66365204756968,219.20174,131.28188200655967,234.61807690330915,51.75352094560622,234.61807690330915
S001_P0013,2023-12-28,162,118.99237158997406,105.21895,134.73626709686266,111.96792657908729,51.75352094560622,111.96792657908729
S001_P0013,2023-12-29,129,204.02022432427296,205.13628,131.13908613680306,204.58941271889375,51.75352094560622,204.58941271889375
S001_P0013,2023-12-30,136,122.54430644923616,200.35565,134.53878370416606,162.22809166012573,51.75352094560622,162.22809166012573
S001_P0013,2023-12-31,111,144.71574921513664,255.99167,131.30649555134715,201.46646881541696,51.75352094560622,201.46646881541696
S001_P0013,2024-01-01,220,157.63790780273757,94.16467,134.37844068816202,125.26655652334142,51.75352094560622,125.26655652334142
S001_P0014,2023-12-26,182,228.0747433539287,173.20634,142.44463931320252,200.09185764342507,85.17104830673277,200.09185764342507
S001_P0014,2023-12-27,303,110.94721671081363,70.51392,138.49683899662514,90.32623538829867,85.17104830673277,90.32623538829867
S001_P0014,2023-12-28,86,133.7194736052229,132.68784,144.54840921665706,133.19334046655922,85.17104830673277,133.19334046655922
S001_P0014,2023-12-29,84,229.27766870648847,147.09746,140.59278849220445,187.36576226617936,85.17104830673277,187.36576226617936
S001_P0014,2023-12-30,46,87.59906814334947,111.98779,143.04761253428254,100.03731629024125,85.17104830673277,100.03731629024125
S001_P0014,2023-12-31,48,234.25595887360552,208.88028,141.53170765103073,221.31436264806672,85.17104830673277,221.31436264806672
S001_P0014,2024-01-01,232,123.10800087422622,70.894035,142.467352824768,96.47887827837084,85.17104830673277,96.47887827837084
S001_P0015,2023-12-26,73,197.96513051666324,127.742386,132.35291881522855,162.15153081316498,77.99806914842917,162.15153081316498
S001_P0015,2023-12-27,4,169.4415846414661,180.61671,142.2531528648388,175.14089857431838,77.99806914842917,175.14089857431838
S001_P0015,2023-12-28,33,122.84845101206834,175.91725,133.53623645471313,149.91353849591349,77.99806914842917,149.91353849591349
S001_P0015,2023-12-29,125,94.69308314655784,105.85195,142.19281805842533,100.38410524181334,77.99806914842917,100.38410524181334
S001_P0015,2023-12-30,60,6.115557441872707,51.658,133.58519482731634,29.34220314651763,77.99806914842917,29.34220314651763
S001_P0015,2023-12-31,164,110.7272262872607,124.65439,142.1442450561064,117.83007978075776,77.99806914842917,117.83007978075776
S001_P0015,2024-01-01,257,201.314418490075,269.2872,133.6334926586772,235.98053706013673,77.99806914842917,235.98053706013673
S001_P0016,2023-12-26,91,86.38514031533514,81.22064,121.87681572324573,83.75124515451421,75.27527918978832,83.75124515451421
S001_P0016,2023-12-27,117,178.5273411975411,200.02242,143.89240071613094,189.48983138679515,75.27527918978832,189.48983138679515
S001_P0016,2023-12-28,265,183.42352613830505,188.83339,127.95696989257893,186.1825567077695,75.27527918978832,186.1825567077695
S001_P0016,2023-12-29,73,137.668168312564,128.83162,144.10017596517318,133.16152867315634,75.27527918978832,133.16152867315634
S001_P0016,2023-12-30,64,97.76939154483564,101.36533,128.03753733556923,99.60332015696946,75.27527918978832,99.60332015696946
S001_P0016,2023-12-31,61,112.26392471256946,265.4775,144.03314366953754,190.40284810915904,75.27527918978832,190.40284810915904
S001_P0016,2024-01-01,13,141.81170174770944,117.78297,128.10489323026613,129.55704855637762,75.27527918978832,129.55704855637762
S001_P0017,2023-12-26,95,224.3233113174525,193.887,141.25599188084072,208.80079254555173,66.5016534053277,208.80079254555173
S001_P0017,2023-12-27,243,89.23925839209527,55.349506,146.71598202585182,71.95548467212669,66.5016534053277,71.95548467212669
S001_P0017,2023-12-28,170,10.908371158665512,46.638752,142.64324837006396,29.1308653877461,66.5016534053277,29.1308653877461
S001_P0017,2023-12-29,7,114.81971034702892,118.88127,146.3085443758823,116.89110577004416,66.5016534053277,116.89110577004416
S001_P0017,2023-12-30,43,161.41014818006204,210.01428,142.99102513560973,186.1982554082304,66.5016534053277,186.1982554082304
S001_P0017,2023-12-31,156,137.11737798718968,110.084755,145.994237921539,123.33074026372294,66.5016534053277,123.33074026372294
S001_P0017,2024-01-01,186,273.61232682812243,213.92822,143.27554203436245,243.17343234578,66.5016534053277,243.17343234578
S001_P0018,2023-12-26,59,166.03368023873614,168.3757,133.84919656049516,167.2281103169807,76.29911373614118,167.2281103169807
S001_P0018,2023-12-27,85,157.07496845130257,202.39122,139.69313793127583,180.18625674113827,76.29911373614118,180.18625674113827
S001_P0018,2023-12-28,179,111.16012147897185,207.94344,137.80881552875957,160.51961392469622,76.29911373614118,160.51961392469622
S001_P0018,2023-12-29,150,128.99320698035842,131.33202,139.78939894030785,130.18600162037563,76.29911373614118,130.18600162037563
S001_P0018,2023-12-30,32,83.19798511107784,126.426926,137.8550829098081,105.24474496442814,76.29911373614118,105.24474496442814
S001_P0018,2023-12-31,0,123.18040917166591,136.75844,139.74906980838466,130.1052048941163,76.29911373614118,130.1052048941163
S001_P0018,2024-01-01,29,192.35367035118307,209.76826,137.89474342715386,201.2351110720797,76.29911373614118,201.2351110720797
S001_P0019,2023-12-26,129,139.30096221612192,217.83311,134.51836790350194,179.35235758589977,40.51802297901338,179.35235758589977
S001_P0019,2023-12-27,180,81.07224863332462,65.28496,135.0348368562327,73.02073143032906,40.51802297901338,73.02073143032906
S001_P0019,2023-12-28,150,196.1492859918127,311.13605,134.4125509983768,254.7925356359882,40.51802297901338,254.7925356359882
S001_P0019,2023-12-29,41,65.70805844978265,73.04362,135.02089602377615,69.4491948403935,40.51802297901338,69.4491948403935
S001_P0019,2023-12-30,94,136.95765770784627,108.15189,134.4248088080124,122.26671617684467,40.51802297901338,122.26671617684467
S001_P0019,2023-12-31,62,209.77611862648808,145.56038,135.0088688297294,177.02609192697918,40.51802297901338,177.02609192697918
S001_P0019,2024-01-01,145,188.96659205342127,74.735115,134.4365931354202,130.7085387561764,40.51802297901338,130.7085387561764
S001_P0020,2023-12-26,262,115.84564051659235,175.05171,141.56590821761827,146.04073595313025,96.7503454718513,146.04073595313025
S001_P0020,2023-12-27,11,193.53961976245165,129.24443,133.4800841762575,160.7490729836013,96.7503454718513,160.7490729836013
S001_P0020,2023-12-28,215,154.6817385669544,195.27036,143.07130931831483,175.38193549780766,96.7503454718513,175.38193549780766
S001_P0020,2023-12-29,62,125.15765777897678,174.03116,133.75413323894574,150.0831439116986,96.7503454718513,150.0831439116986
S001_P0020,2023-12-30,53,117.7821034961354,103.82045,142.84152858501977,110.66166021310634,96.7503454718513,110.66166021310634
S001_P0020,2023-12-31,37,84.35048996675144,111.55341,133.97903422276474,98.2239791837082,96.7503454718513,98.2239791837082
S001_P0020,2024-01-01,52,131.68315029352095,176.2515,142.62221053705528,154.41300864382526,96.7503454718513,154.41300864382526
S002_P0001,2023-12-26,234,196.5556554320992,156.85114,144.99533747915223,176.3063525617286,113.39439205664432,176.3063525617286
S002_P0001,2023-12-27,212,281.2416303578756,155.67563,145.12318614387522,217.20297017535904,113.39439205664432,217.20297017535904
S002_P0001,2023-12-28,343,108.85973174464328,164.56581,144.88756349392537,137.26983165487522,113.39439205664432,137.26983165487522
S002_P0001,2023-12-29,106,74.61778621927006,93.839264,145.12239221171197,84.42073988744232,113.39439205664432,84.42073988744232
S002_P0001,2023-12-30,36,255.1903770690061,284.1913,144.8884468951039,269.980847763813,113.39439205664432,269.980847763813
S002_P0001,2023-12-31,308,128.27048762013322,145.93393,145.12151205506396,137.27884323386527,113.39439205664432,137.27884323386527
S002_P0001,2024-01-01,18,158.32549901469204,104.42765,144.88932374046536,130.8375960171991,113.39439205664432,130.8375960171991
S002_P0002,2023-12-26,275,165.2300915264249,153.68573,110.40673966178122,159.3424671479482,101.30473583662574,159.3424671479482
S002_P0002,2023-12-27,108,79.62314594129583,100.54543,118.4074645962518,90.29351081123497,101.30473583662574,90.29351081123497
S002_P0002,2023-12-28,381,184.05852505842364,167.3457,112.01416162004766,175.53498427862758,101.30473583662574,175.53498427862758
S002_P0002,2023-12-29,99,31.253073359180156,49.24934,117.96325182549442,40.43116934599828,101.30473583662574,40.43116934599828
S002_P0002,2023-12-30,40,99.97332179105614,109.37913,112.43922065659454,104.77028397761751,101.30473583662574,104.77028397761751
S002_P0002,2023-12-31,28,91.67186769561286,49.188457,117.56870316648288,70.0053282408503,101.30473583662574,70.0053282408503
S002_P0002,2024-01-01,26,131.34625991587166,114.16321,112.80559073484127,122.58290445877712,101.30473583662574,122.58290445877712
S002_P0003,2023-12-26,22,25.829313689883023,0.0,132.82795098232958,12.656363708042681,70.89486079131574,12.656363708042681
S002_P0003,2023-12-27,45,138.9818591257829,114.00393,132.6528586103288,126.24311527163361,70.89486079131574,126.24311527163361
S002_P0003,2023-12-28,88,136.5643492893192,143.20087,133.3460122311303,139.94897485176642,70.89486079131574,139.94897485176642
S002_P0003,2023-12-29,4,103.20722797644352,60.395805,132.6640551091393,81.37340225845733,70.89486079131574,81.37340225845733
S002_P0003,2023-12-30,92,97.62683262802344,151.66379,133.3418166117814,125.1856808877315,70.89486079131574,125.1856808877315
S002_P0003,2023-12-31,86,81.08090961181749,117.540764,132.66831567651607,99.67543534979058,70.89486079131574,99.67543534979058
S002_P0003,2024-01-01,93,162.91015158382572,237.44853,133.33758402301856,200.9247245760746,70.89486079131574,200.9247245760746
S002_P0004,2023-12-26,8,66.44165258508441,195.80003,124.5516709338595,132.41442506669136,83.43326123787553,132.41442506669136
S002_P0004,2023-12-27,155,143.11048717466312,117.60746,119.39074184082516,130.10394331558493,83.43326123787553,130.10394331558493
S002_P0004,2023-12-28,29,190.17234753770572,187.78053,122.66451961394,188.9525205934758,83.43326123787553,188.9525205934758
S002_P0004,2023-12-29,55,130.27385640333668,136.57967,119.72561854088424,133.48982133763496,83.43326123787553,133.48982133763496
S002_P0004,2023-12-30,257,55.82765359688285,69.32184,122.39013502973172,62.70968866247259,83.43326123787553,62.70968866247259
S002_P0004,2023-12-31,187,162.99613369898,224.6593,119.97382159066036,194.4443485125002,83.43326123787553,194.4443485125002
S002_P0004,2024-01-01,46,135.74679083872064,96.094734,122.16506441668464,115.52424185097311,83.43326123787553,115.52424185097311
S002_P0005,2023-12-26,118,111.42343838584226,113.21713,134.74973223948297,112.33822110906272,91.1219005371463,112.33822110906272
S002_P0005,2023-12-27,75,177.82173340863324,199.61378,133.0235216454339,188.9356771702303,91.1219005371463,188.9356771702303
S002_P0005,2023-12-28,91,164.3407729668249,218.42993,132.24581858429684,191.9262430537442,91.1219005371463,191.9262430537442
S002_P0005,2023-12-29,286,131.52019536146975,190.52518,132.91063786867005,161.61273752712017,91.1219005371463,161.61273752712017
S002_P0005,2023-12-30,73,138.06187539353192,71.464874,132.25964534405256,104.09740468283064,91.1219005371463,104.09740468283064
S002_P0005,2023-12-31,396,183.44831944511807,220.57649,132.89355056721115,202.38368642810786,91.1219005371463,202.38368642810786
S002_P0005,2024-01-01,200,187.61856544293352,246.39581,132.27615119754728,217.5949601670374,91.1219005371463,217.5949601670374
S002_P0006,2023-12-26,32,64.49686185045427,82.954185,123.73520994757423,73.91009665672259,49.21860437034588,73.91009665672259
S002_P0006,2023-12-27,208,114.4946494007403,116.54991,127.30277410993769,115.54283230636274,49.21860437034588,115.54283230636274
S002_P0006,2023-12-28,179,176.03959203699262,209.71107,127.41824828081744,193.21204579812638,49.21860437034588,193.21204579812638
S002_P0006,2023-12-29,122,194.9597034831109,178.22342,127.18785562054678,186.42419890672434,49.21860437034588,186.42419890672434
S002_P0006,2023-12-30,102,137.27466375219623,105.7823,127.28788825571728,121.21355823857616,49.21860437034588,121.21355823857616
S002_P0006,2023-12-31,187,72.91046562701699,125.724014,127.25341801510363,99.84537529723832,49.21860437034588,99.84537529723832
S002_P0006,2024-01-01,159,137.7343697139971,177.69191,127.2642698179866,158.1127152598586,49.21860437034588,158.1127152598586
S002_P0007,2023-12-26,308,169.22992585415412,141.65346,136.59693075671947,155.16592826853554,139.14441728301426,155.16592826853554
S002_P0007,2023-12-27,35,159.59187594609932,136.19836,140.70067797001693,147.66118281358865,139.14441728301426,147.66118281358865
S002_P0007,2023-12-28,346,126.52635513304908,221.04706,134.5724613585502,174.73191461519406,139.14441728301426,174.73191461519406
S002_P0007,2023-12-29,255,131.92582955605042,176.43251,140.599305381794,154.62423658246473,139.14441728301426,154.62423658246473
S002_P0007,2023-12-30,13,131.0173998623356,65.728745,134.704032562498,97.72018588254444,139.14441728301426,97.72018588254444
S002_P0007,2023-12-31,16,128.06662212942118,168.03104,140.47011272203403,148.44847524341637,139.14441728301426,148.44847524341637
S002_P0007,2024-01-01,2,153.82918833706026,162.52834,134.83040170439364,158.26575568515952,139.14441728301426,158.26575568515952
S002_P0008,2023-12-26,399,117.88088708758414,186.78252,123.76722603385232,153.02071987291623,104.17056839114262,153.02071987291623
S002_P0008,2023-12-27,72,42.33978576267722,84.80544,130.85782802461003,63.99726942371184,104.17056839114262,63.99726942371184
S002_P0008,2023-12-28,95,116.9231654508373,150.68564,131.64444733249672,134.14202747091028,104.17056839114262,134.14202747091028
S002_P0008,2023-12-29,61,237.4533506862804,172.86096,131.6468349326753,204.5112314362774,104.17056839114262,204.5112314362774
S002_P0008,2023-12-30,228,155.13036997694442,271.67,131.68157753476157,214.5655812887028,104.17056839114262,214.5655812887028
S002_P0008,2023-12-31,15,192.3120964320969,180.52238,131.66757347188695,186.29934105172748,104.17056839114262,186.29934105172748
S002_P0008,2024-01-01,43,97.6696993121871,94.07638,131.6748392391992,95.83710646297169,104.17056839114262,95.83710646297169
S002_P0009,2023-12-26,453,129.39833657979537,98.93506,141.85135624146028,113.86206552409973,102.1642129590534,113.86206552409973
S002_P0009,2023-12-27,182,124.3730752152691,60.593616,148.57820186421367,91.84555101548185,102.1642129590534,91.84555101548185
S002_P0009,2023-12-28,24,67.37038748309814,89.98546,139.8721273882947,78.90407446671809,102.1642129590534,78.90407446671809
S002_P0009,2023-12-29,162,120.5203254739994,136.6025,148.17844882738436,128.72223448225972,102.1642129590534,128.72223448225972
S002_P0009,2023-12-30,179,149.55738040032836,90.03674,140.2986389808738,119.20185379616089,102.1642129590534,119.20185379616089
S002_P0009,2023-12-31,57,199.34020739336276,191.87347,147.7729053755966,195.53217132274776,102.1642129590534,195.53217132274776
S002_P0009,2024-01-01,31,105.66968858690552,132.12653,140.6833300506998,119.16267770758371,102.1642129590534,119.16267770758371
S002_P0010,2023-12-26,21,158.57097775449668,92.86653,120.45606776785104,125.06170939970337,123.9879382418302,125.06170939970337
S002_P0010,2023-12-27,31,68.13514186006614,63.177433,141.19026821143393,65.6067103414324,123.9879382418302,65.6067103414324
S002_P0010,2023-12-28,394,104.87614261988428,83.41991,130.16253699450334,93.9334639837433,123.9879382418302,93.9334639837433
S002_P0010,2023-12-29,147,132.02011334669723,90.08527,140.60364057701338,110.63334323988164,123.9879382418302,110.63334323988164
S002_P0010,2023-12-30,57,187.6930813677079,203.94821,130.32330992984595,195.98319697017686,123.9879382418302,195.98319697017686
S002_P0010,2023-12-31,37,179.45780800680726,230.98697,140.46446314702803,205.73768062333556,123.9879382418302,205.73768062333556
S002_P0010,2024-01-01,347,99.68744470624486,111.6394,130.4597123845322,105.78294190605997,123.9879382418302,105.78294190605997
S002_P0011,2023-12-26,183,108.80730205677274,148.63556,142.30763662249709,129.11971360781865,92.53056981101363,129.11971360781865
S002_P0011,2023-12-27,8,141.8775677414648,137.42255,132.7285861295803,139.60550869331774,92.53056981101363,139.60550869331774
S002_P0011,2023-12-28,44,135.4007876713152,234.42488,137.72934936967732,185.90307475894446,92.53056981101363,185.90307475894446
S002_P0011,2023-12-29,13,105.53759738264532,66.748,134.39013679415896,85.75490271749621,92.53056981101363,85.75490271749621
S002_P0011,2023-12-30,29,160.09734590889713,93.32615,136.6427883840665,126.0440359953596,92.53056981101363,126.0440359953596
S002_P0011,2023-12-31,189,124.0581331646027,98.91747,135.12257302639742,111.23639495065532,92.53056981101363,111.23639495065532
S002_P0011,2024-01-01,39,112.42983968469473,197.59612,136.14851315652558,155.86464264550042,92.53056981101363,155.86464264550042
S002_P0012,2023-12-26,256,142.28046595917917,105.46537,139.75979966579337,123.50476701999779,66.05982255018735,123.50476701999779
S002_P0012,2023-12-27,61,98.2647185102705,89.6468,141.18843877660726,93.86958007003254,66.05982255018735,93.86958007003254
S002_P0012,2023-12-28,35,133.29996682780876,115.24812,139.33785635320473,124.09352494562629,66.05982255018735,124.09352494562629
S002_P0012,2023-12-29,63,72.71154213485389,197.919,141.15752591105274,136.56734564607842,66.05982255018735,136.56734564607842
S002_P0012,2023-12-30,119,104.22921398296266,49.160255,139.38654890052348,76.14404490165171,66.05982255018735,76.14404490165171
S002_P0012,2023-12-31,194,154.0848431055869,88.38556,141.10937269704652,120.5782087217376,66.05982255018735,120.5782087217376
S002_P0012,2024-01-01,130,184.83680200956175,152.9591,139.43342502041605,168.57917398468527,66.05982255018735,168.57917398468527
S002_P0013,2023-12-26,329,90.82977114222317,157.34953,129.67357387102052,124.75484815968935,81.1330432228679,124.75484815968935
S002_P0013,2023-12-27,51,128.18976376329482,109.39624,138.93582694261647,118.60506664401447,81.1330432228679,118.60506664401447
S002_P0013,2023-12-28,137,55.064580944348734,113.30243,129.52740810721207,84.76588396273088,81.1330432228679,84.76588396273088
S002_P0013,2023-12-29,217,187.38902196521929,190.92206,138.79984638225025,189.19087136295744,81.1330432228679,189.19087136295744
S002_P0013,2023-12-30,201,164.4534949810264,170.86137,129.6620779567069,167.72151124070294,81.1330432228679,167.72151124070294
S002_P0013,2023-12-31,104,217.6981582507791,179.42249,138.66713088069895,198.17756744288175,81.1330432228679,198.17756744288175
S002_P0013,2024-01-01,19,179.4614165452029,266.41647,129.7928659230138,223.80849380714943,81.1330432228679,223.80849380714943
S002_P0014,2023-12-26,195,52.5585229659621,90.05561,142.44038504263264,71.68203735332143,93.88913852540436,71.68203735332143
S002_P0014,2023-12-27,29,125.47829949517364,98.54615,119.82997609122144,111.74290325263507,93.88913852540436,111.74290325263507
S002_P0014,2023-12-28,246,61.36400566792852,128.25937,140.73071461704376,95.48064147728498,93.88913852540436,95.48064147728498
S002_P0014,2023-12-29,87,124.24261295380316,35.40292,132.26888003348918,78.93436954736354,93.88913852540436,78.93436954736354
S002_P0014,2023-12-30,52,116.6285446605226,66.4697,135.0345660775529,91.04753388365609,93.88913852540436,91.04753388365609
S002_P0014,2023-12-31,119,76.22816466702236,25.05671,134.22226042083977,50.13072278684095,93.88913852540436,50.13072278684095
S002_P0014,2024-01-01,327,108.26908605002843,171.55919,134.44508481650757,140.54703906451394,93.88913852540436,140.54703906451394
S002_P0015,2023-12-26,73,102.427338467328,173.98611,129.2223487012021,138.9223119489907,62.50876426833601,138.9223119489907
S002_P0015,2023-12-27,163,169.9923894066728,297.08395,131.69634405384346,234.80908530926968,62.50876426833601,234.80908530926968
S002_P0015,2023-12-28,169,122.90697721727427,129.19254,129.90611647881235,126.1126142364644,62.50876426833601,126.1126142364644
S002_P0015,2023-12-29,60,160.66767714677692,185.9898,131.63213147654184,173.58195980192068,62.50876426833601,173.58195980192068
S002_P0015,2023-12-30,18,214.32297667175945,170.75981,129.957721043976,192.10576166916212,62.50876426833601,192.10576166916212
S002_P0015,2023-12-31,44,186.8914027221645,101.415985,131.58225488917708,143.2989396838606,62.50876426833601,143.2989396838606
S002_P0015,2024-01-01,167,106.35364761730985,79.13963,130.00610862554026,92.47449863248183,62.50876426833601,92.47449863248183
S002_P0016,2023-12-26,60,105.30146862480127,180.01704,139.50743350962455,143.40641002615263,82.1705262120618,143.40641002615263
S002_P0016,2023-12-27,131,162.59048338287738,237.36882,137.77499836439566,200.7274350576099,82.1705262120618,200.7274350576099
S002_P0016,2023-12-28,38,225.2659850448177,172.71405,138.69642257061497,198.46449817196066,82.1705262120618,198.46449817196066
S002_P0016,2023-12-29,178,147.8226260844363,175.46582,137.8038426857345,161.9206549813738,82.1705262120618,161.9206549813738
S002_P0016,2023-12-30,336,119.99341962266826,72.10114,138.69029873661026,95.56835701510744,82.1705262120618,95.56835701510744
S002_P0016,2023-12-31,12,155.53799453639635,99.86976,137.80927519037698,127.14719492283422,82.1705262120618,127.14719492283422
S002_P0016,2024-01-01,110,158.22868975459338,67.58396,138.68491837293905,111.99987757975074,82.1705262120618,111.99987757975074
S002_P0017,2023-12-26,197,62.11094234987973,130.49583,138.97687475794052,96.98723505144108,115.32660439892614,96.98723505144108
S002_P0017,2023-12-27,44,149.79962807377808,141.46645,128.87067075360062,145.54970725615127,115.32660439892614,145.54970725615127
S002_P0017,2023-12-28,381,182.30461694102684,193.54675,135.5720295465269,188.03810480110315,115.32660439892614,188.03810480110315
S002_P0017,2023-12-29,41,102.0433268062424,93.20568,129.09475377935038,97.53612693505877,115.32660439892614,97.53612693505877
S002_P0017,2023-12-30,84,183.5798501072458,199.38,135.4396195718352,191.63792655255043,115.32660439892614,191.63792655255043
S002_P0017,2023-12-31,293,153.7586288705434,205.55072,129.22206650260836,180.17259534656625,115.32660439892614,180.17259534656625
S002_P0017,2024-01-01,12,41.4140106935335,46.7744,135.31492842164468,44.14780923983142,115.32660439892614,44.14780923983142
S002_P0018,2023-12-26,386,49.10544157041704,153.21527,129.55312932932725,102.20145406950435,102.89152940171036,102.20145406950435
S002_P0018,2023-12-27,48,111.88791583147112,121.53662,151.28024748087853,116.80875495742085,102.89152940171036,116.80875495742085
S002_P0018,2023-12-28,157,148.63606362620305,234.65169,129.72777752480195,192.5040330768395,102.89152940171036,192.5040330768395
S002_P0018,2023-12-29,83,213.46567608302595,142.7745,150.1112671016701,177.4131762806827,102.89152940171036,177.4131762806827
S002_P0018,2023-12-30,359,172.1177584396788,95.94925,130.84164998326625,133.27181913544263,102.89152940171036,133.27181913544263
S002_P0018,2023-12-31,101,127.54736377884878,216.49213,149.05819061663328,172.9091945516359,102.89152940171036,172.9091945516359
S002_P0018,2024-01-01,30,184.1106232656504,158.92072,131.83717691435004,171.2637726001687,102.89152940171036,171.2637726001687
S002_P0019,2023-12-26,289,177.15838196236228,128.22693,135.66304286424025,152.2033414615575,125.3597807551901,152.2033414615575
S002_P0019,2023-12-27,57,94.3456890263787,96.10713,133.43361607274818,95.24402392292555,125.3597807551901,95.24402392292555
S002_P0019,2023-12-28,355,89.85859973929034,66.03382,130.65311889727306,77.70796207225226,125.3597807551901,77.70796207225226
S002_P0019,2023-12-29,206,87.25896944795119,186.64487,132.88502301002185,137.94577872949608,125.3597807551901,137.94577872949608
S002_P0019,2023-12-30,53,61.05977879604119,65.57832,130.88981224951857,63.36423481006019,125.3597807551901,63.36423481006019
S002_P0019,2023-12-31,284,152.2657189970359,106.26261,132.66212402215527,128.80413340854759,125.3597807551901,128.80413340854759
S002_P0019,2024-01-01,240,62.17927292335459,140.00758,131.08724596306965,101.87170953244373,125.3597807551901,101.87170953244373
S002_P0020,2023-12-26,37,172.6941046591068,63.813103,145.30787277040196,117.16479381296234,111.06610180250276,117.16479381296234
S002_P0020,2023-12-27,412,118.27336649156366,98.23912,137.18735136448444,108.0559007808662,111.06610180250276,108.0559007808662
S002_P0020,2023-12-28,294,196.1970749725316,125.796745,149.08994708901537,160.29290668654048,111.06610180250276,160.29290668654048
S002_P0020,2023-12-29,92,112.44068801916652,130.4522,140.8371766916871,121.62655912939161,111.06610180250276,121.62655912939161
S002_P0020,2023-12-30,269,135.34607836905604,215.25182,146.0977464762071,176.09800660083746,111.06610180250276,176.09800660083746
S002_P0020,2023-12-31,158,99.83905370446944,117.32436,142.79348484836828,108.75655991519002,111.06610180250276,108.75655991519002
S002_P0020,2024-01-01,225,211.6282243893937,213.70819,144.86329756076103,212.6890068508029,111.06610180250276,212.6890068508029
S003_P0001,2023-12-26,64,84.98415527421182,106.64803,117.4232318705492,96.03273138436379,73.21799804253763,96.03273138436379
S003_P0001,2023-12-27,31,127.26632844426204,106.868256,114.603160532483,116.8633114976884,73.21799804253763,116.8633114976884
S003_P0001,2023-12-28,287,120.62576458288208,94.77806,117.13777750756448,107.44343524561222,73.21799804253763,107.44343524561222
S003_P0001,2023-12-29,108,162.41209243689772,185.82935,114.847658353319,174.35489379407989,73.21799804253763,174.35489379407989
S003_P0001,2023-12-30,31,118.44425853515106,131.976,116.9174955257625,125.34544668222402,73.21799804253763,125.34544668222402
S003_P0001,2023-12-31,24,138.41426191136452,113.09588,115.04671904331346,125.50188713656861,73.21799804253763,125.50188713656861
S003_P0001,2024-01-01,114,155.03236808407772,184.5105,116.73758063623936,170.0662153611981,73.21799804253763,170.0662153611981
S003_P0002,2023-12-26,286,147.17740217050917,115.522194,140.95701577610726,131.0332460035495,113.25938045613628,131.0332460035495
S003_P0002,2023-12-27,269,94.57015663659185,106.04126,142.04828729492564,100.42041935193001,113.25938045613628,100.42041935193001
S003_P0002,2023-12-28,171,93.1819839996115,85.202385,143.51636813205516,89.11238850980965,113.25938045613628,89.11238850980965
S003_P0002,2023-12-29,314,95.50458875938456,82.19142,141.97632086539687,88.71487269209842,113.25938045613628,88.71487269209842
S003_P0002,2023-12-30,174,73.38640147741222,125.91331,143.51502896811954,100.17512482393198,113.25938045613628,100.17512482393198
S003_P0002,2023-12-31,321,95.47057100980392,201.19011,141.97981265044547,149.38753589480393,113.25938045613628,149.38753589480393
S003_P0002,2024-01-01,229,57.841484910483416,125.73599,143.5114817175821,92.46768250613688,113.25938045613628,92.46768250613688
S003_P0003,2023-12-26,308,145.52581840256684,151.99777,115.2000740980961,148.82651371725774,105.15081133856664,148.82651371725774
S003_P0003,2023-12-27,40,109.99246678599324,117.38378,130.03068513045096,113.7620365251367,105.15081133856664,113.7620365251367
S003_P0003,2023-12-28,223,72.51156637861773,107.89186,123.13162885003034,90.55551612552269,105.15081133856664,90.55551612552269
S003_P0003,2023-12-29,43,159.21963292203046,155.57513,129.65796821811392,157.36093643179493,105.15081133856664,157.36093643179493
S003_P0003,2023-12-30,265,114.79046734586646,133.71158,123.85241291427458,124.44023479947457,105.15081133856664,124.44023479947457
S003_P0003,2023-12-31,144,116.91030687428422,64.6688,129.03688867122182,90.26713836839926,105.15081133856664,90.26713836839926
S003_P0003,2024-01-01,9,77.11388228588471,72.15134,124.4082160134145,74.58298572008351,105.15081133856664,74.58298572008351
S003_P0004,2023-12-26,209,32.174460235365544,81.11102,128.47246119633607,57.13210571532912,80.80222136061234,57.13210571532912
S003_P0004,2023-12-27,12,114.0510427001608,150.2175,137.87993407776256,132.4959359230788,80.80222136061234,132.4959359230788
S003_P0004,2023-12-28,332,68.88689663385364,75.84834,126.56780403256737,72.43723275058828,80.80222136061234,72.43723275058828
S003_P0004,2023-12-29,154,22.791973651767183,43.239468,137.8615323890055,33.22019576936592,80.80222136061234,33.22019576936592
S003_P0004,2023-12-30,157,143.27245343119253,156.43634,126.62292949047,149.98603558128434,80.80222136061234,149.98603558128434
S003_P0004,2023-12-31,165,213.2418176282279,111.82798,137.80597128160989,161.52076043783165,80.80222136061234,161.52076043783165
S003_P0004,2024-01-01,36,175.42599888507462,154.96632,126.6782294729347,164.99156265368657,80.80222136061234,164.99156265368657
S003_P0005,2023-12-26,257,143.45437370473013,136.61186,143.37100548865035,139.96469171531777,108.3382485407796,139.96469171531777
S003_P0005,2023-12-27,89,152.15575233954362,114.911026,144.63602371159467,133.16094190637637,108.3382485407796,133.16094190637637
S003_P0005,2023-12-28,69,104.4365301624808,40.88519,143.72652981202023,72.0253466796156,108.3382485407796,72.0253466796156
S003_P0005,2023-12-29,248,100.99629740497572,123.40216,144.61129854689833,112.42328732843811,108.3382485407796,112.42328732843811
S003_P0005,2023-12-30,271,206.5977283546696,146.05733,143.74987582583967,175.72212519378812,108.3382485407796,175.72212519378812
S003_P0005,2023-12-31,6,159.10260976474189,197.51671,144.58857015427728,178.69380088472354,108.3382485407796,178.69380088472354
S003_P0005,2024-01-01,291,150.1247363510498,202.24374,143.77200453269103,176.7054282120144,108.3382485407796,176.7054282120144
S003_P0006,2023-12-26,25,89.8685417721981,76.70593,135.20001020149903,83.15560976837708,111.06858965288735,83.15560976837708
S003_P0006,2023-12-27,171,100.02051277343044,107.22833,142.6114232965851,103.69649955898092,111.06858965288735,103.69649955898092
S003_P0006,2023-12-28,301,185.6282785628659,205.77312,136.9369749553382,195.90214769580427,111.06858965288735,195.90214769580427
S003_P0006,2023-12-29,132,129.48634504449643,191.83018,142.5833998511942,161.28170087180325,111.06858965288735,161.28170087180325
S003_P0006,2023-12-30,230,129.81566307409807,116.153404,136.9517845890395,122.84791094630805,111.06858965288735,122.84791094630805
S003_P0006,2023-12-31,288,63.93089579107341,100.26372,142.56873010678137,82.46063613762598,111.06858965288735,82.46063613762598
S003_P0006,2024-01-01,366,150.09791998155544,244.32114,136.96641534130046,198.15176219096216,111.06858965288735,198.15176219096216
S003_P0007,2023-12-26,375,102.37698096523891,135.2457,134.1294958692274,119.14002767296707,77.09745365203275,119.14002767296707
S003_P0007,2023-12-27,172,59.22992651868384,67.12249,141.6507275030622,63.25513389415508,77.09745365203275,63.25513389415508
S003_P0007,2023-12-28,244,168.08796778196103,144.4315,135.87343928715475,156.02316921316088,77.09745365203275,156.02316921316088
S003_P0007,2023-12-29,100,152.18556589380918,177.53299,141.68793594770543,165.11275218796652,77.09745365203275,165.11275218796652
S003_P0007,2023-12-30,124,61.92486656517777,31.543728,135.9044601680015,46.430485896937114,77.09745365203275,46.430485896937114
S003_P0007,2023-12-31,56,90.05851924290805,110.2329,141.65967933981955,100.34745342902494,77.09745365203275,100.34745342902494
S003_P0007,2024-01-01,97,143.757324775669,113.00282,135.9326785267028,128.0725273400778,77.09745365203275,128.0725273400778
S003_P0008,2023-12-26,205,27.1465946803935,79.24182,117.43657124188807,53.71515959339281,58.59198402914809,53.71515959339281
S003_P0008,2023-12-27,55,161.30174201454426,120.46256,148.37961056708303,140.4737591871267,58.59198402914809,140.4737591871267
S003_P0008,2023-12-28,98,131.91692349870547,182.49449,119.80437717788789,157.7114824143657,58.59198402914809,157.7114824143657
S003_P0008,2023-12-29,186,106.1304023426731,72.30695,147.45610830937042,88.88044164790982,58.59198402914809,88.88044164790982
S003_P0008,2023-12-30,160,81.32778254609639,170.26442,120.72234764014166,126.68546764758722,58.59198402914809,126.68546764758722
S003_P0008,2023-12-31,18,129.02063728110312,209.29585,146.56905889588523,169.96099576774054,58.59198402914809,169.96099576774054
S003_P0008,2024-01-01,74,223.70285218003,188.41179,121.57997219568271,205.7044104682147,58.59198402914809,205.7044104682147
S003_P0009,2023-12-26,147,121.9048483581517,153.04568,129.409546393521,137.78667249549432,62.43126234059192,137.78667249549432
S003_P0009,2023-12-27,114,76.52025405350378,142.11787,144.12934091554865,109.97503818621686,62.43126234059192,109.97503818621686
S003_P0009,2023-12-28,304,82.20055994413231,109.54433,136.39006823480082,96.14588267262482,62.43126234059192,96.14588267262482
S003_P0009,2023-12-29,194,118.9721543609554,213.59752,144.4638783558083,167.23109083686813,62.43126234059192,167.23109083686813
S003_P0009,2023-12-30,190,211.69252890559423,248.06216,136.4456251232987,230.24104076374118,62.43126234059192,230.24104076374118
S003_P0009,2023-12-31,114,194.56008653605065,153.71687,144.42930077826298,173.7300461026648,62.43126234059192,173.7300461026648
S003_P0009,2024-01-01,14,85.04432377810588,79.54745,136.48115515006896,82.24091815127187,62.43126234059192,82.24091815127187
S003_P0010,2023-12-26,18,98.38635051915328,166.67789,130.2835532465935,133.2150356543851,87.90863134690893,133.2150356543851
S003_P0010,2023-12-27,86,133.22504737848686,117.76518,136.08985602691155,125.34051501545856,87.90863134690893,125.34051501545856
S003_P0010,2023-12-28,141,56.9149047285734,44.68088,136.03847225735075,50.67555211700096,87.90863134690893,50.67555211700096
S003_P0010,2023-12-29,210,43.17879244683435,19.562326,135.96466889455593,31.134394558948827,87.90863134690893,31.134394558948827
S003_P0010,2023-12-30,38,184.41277212118,222.7774,136.03995166228225,203.9787323393782,87.90863134690893,203.9787323393782
S003_P0010,2023-12-31,131,107.1611427920464,24.253464,135.96588673517934,64.87822660810274,87.90863134690893,64.87822660810274
S003_P0010,2024-01-01,398,191.76798669335585,320.59976,136.03869576602554,257.47219107974433,87.90863134690893,257.47219107974433
S003_P0011,2023-12-26,254,221.3979120923943,125.84038,139.2119742091826,172.6635707252732,75.21346216116468,172.6635707252732
S003_P0011,2023-12-27,3,153.83171045189647,148.18172,138.30043049414843,150.95021532142925,75.21346216116468,150.95021532142925
S003_P0011,2023-12-28,187,193.0080311135607,228.80971,139.09811743438965,211.26688734564473,75.21346216116468,211.26688734564473
S003_P0011,2023-12-29,165,95.77019879828218,77.34002,138.30623050037914,86.37080761115826,75.21346216116468,86.37080761115826
S003_P0011,2023-12-30,118,173.83085496777403,111.9929,139.09274070448294,142.29349793420928,75.21346216116468,142.29349793420928
S003_P0011,2023-12-31,290,47.334101049233496,24.317804,138.31156935911744,35.595789554124416,75.21346216116468,35.595789554124416
S003_P0011,2024-01-01,108,211.0827211488578,213.76369,139.0874380909867,212.45001526294033,75.21346216116468,212.45001526294033
S003_P0012,2023-12-26,108,178.96495813592952,179.91985,130.5465367300641,179.45195298660548,60.07735552220789,179.45195298660548
S003_P0012,2023-12-27,65,195.2643044520748,199.60867,128.0200808116834,197.47993088151665,60.07735552220789,197.47993088151665
S003_P0012,2023-12-28,251,89.18699554938904,120.87377,127.87451285495216,105.34725051920063,60.07735552220789,105.34725051920063
S003_P0012,2023-12-29,132,177.11909942817996,178.51505,128.21868437508545,177.8310342198082,60.07735552220789,177.8310342198082
S003_P0012,2023-12-30,61,98.79245641455466,166.8419,127.87066651305187,133.4976726431318,60.07735552220789,133.4976726431318
S003_P0012,2023-12-31,44,115.98631235632848,119.764656,128.2075816325946,117.91326761460095,60.07735552220789,117.91326761460095
S003_P0012,2024-01-01,94,175.61925113474365,148.07706,127.88254349521968,161.57273365602438,60.07735552220789,161.57273365602438
S003_P0013,2023-12-26,74,62.47184665169151,95.506226,144.8312721899294,79.31938011932883,76.0385683496141,79.31938011932883
S003_P0013,2023-12-27,329,105.63762123312694,208.00848,150.1119536702325,157.8467592042322,76.0385683496141,157.8467592042322
S003_P0013,2023-12-28,23,119.83739824394657,76.16084,143.9915927379497,97.56235353953382,76.0385683496141,97.56235353953382
S003_P0013,2023-12-29,116,61.31054894126729,67.11882,150.02105985904694,64.27276718122097,76.0385683496141,64.27276718122097
S003_P0013,2023-12-30,119,132.1972171370512,91.62838,144.1056489018331,111.5071101971551,76.0385683496141,111.5071101971551
S003_P0013,2023-12-31,88,45.11516350916331,30.53533,149.90849692202173,37.67944841949002,76.0385683496141,37.67944841949002
S003_P0013,2024-01-01,115,181.8510149389626,191.02948,144.21608798399745,186.53203212009169,76.0385683496141,186.53203212009169
S003_P0014,2023-12-26,291,178.75731081022658,109.84922,139.99920061561795,143.61418449701102,76.4834671863841,143.61418449701102
S003_P0014,2023-12-27,62,124.77813953081228,96.233116,146.62962093738133,110.22017753009801,76.4834671863841,110.22017753009801
S003_P0014,2023-12-28,262,109.56861365381197,49.58237,141.12637281841333,78.97562939036786,76.4834671863841,78.97562939036786
S003_P0014,2023-12-29,181,136.33058498393018,239.81732,146.63812296506296,189.1088198421258,76.4834671863841,189.1088198421258
S003_P0014,2023-12-30,81,26.49924490942238,15.482483,141.13534319700815,20.880696335616967,76.4834671863841,20.880696335616967
S003_P0014,2023-12-31,125,87.72901569345237,209.53593,146.62943557713464,149.85054198979165,76.4834671863841,149.85054198979165
S003_P0014,2024-01-01,74,187.0295507886169,216.03627,141.14402100263965,201.82297758642227,76.4834671863841,201.82297758642227
S003_P0015,2023-12-26,46,98.098463834223,101.1783,138.3285324017107,99.66918027876926,72.83154123405107,99.66918027876926
S003_P0015,2023-12-27,106,78.93368649002457,139.88356,137.98974418267,110.01812198011203,72.83154123405107,110.01812198011203
S003_P0015,2023-12-28,114,28.36702451716217,168.70389,138.66449660672689,99.93882591340947,72.83154123405107,99.93882591340947
S003_P0015,2023-12-29,297,23.831947491259427,68.909294,137.9886857122042,46.82139421071712,72.83154123405107,46.82139421071712
S003_P0015,2023-12-30,220,276.5886759935004,226.41264,138.66241750203866,250.9988976368152,72.83154123405107,250.9988976368152
S003_P0015,2023-12-31,53,181.6632321776058,80.70569,137.99078775395756,130.17488566702684,72.83154123405107,130.17488566702684
S003_P0015,2024-01-01,174,120.60124546819728,125.84631,138.66032174328012,123.27622837941666,72.83154123405107,123.27622837941666
S003_P0016,2023-12-26,96,240.52841248467865,218.18352,142.93248874921463,229.13251731749253,94.56531810322323,229.13251731749253
S003_P0016,2023-12-27,305,153.95431463519628,125.15377,140.77768841070974,139.26603687124617,94.56531810322323,139.26603687124617
S003_P0016,2023-12-28,67,77.0505168153954,6.525021,142.7780095915795,41.082513949543745,94.56531810322323,41.082513949543745
S003_P0016,2023-12-29,4,124.94715040431724,87.24262,140.79381931716114,105.71783989811544,94.56531810322323,105.71783989811544
S003_P0016,2023-12-30,224,147.10069239531433,179.812,142.76000667374393,163.783459273704,94.56531810322323,163.783459273704
S003_P0016,2023-12-31,1,118.03728874779762,48.36198,140.81162941721527,82.50288128642083,94.56531810322323,82.50288128642083
S003_P0016,2024-01-01,150,146.5806237083498,157.33217,142.74235746662535,152.06391231709142,94.56531810322323,152.06391231709142
S003_P0017,2023-12-26,165,249.30126806310693,250.6048,142.0993527944833,249.9660693509224,62.15022681202182,249.9660693509224
S003_P0017,2023-12-27,53,86.7304958501194,87.002945,143.72733539586318,86.8694449165585,62.15022681202182,86.8694449165585
S003_P0017,2023-12-28,244,130.800135810426,147.74133,142.55517326334294,139.44014484710874,62.15022681202182,139.44014484710874
S003_P0017,2023-12-29,138,176.14306245223014,115.68885,143.65250119800723,145.31141410159276,62.15022681202182,145.31141410159276
S003_P0017,2023-12-30,37,104.24966595272056,115.97549,142.62646361754702,110.22983621683306,62.15022681202182,110.22983621683306
S003_P0017,2023-12-31,132,201.51715907832263,276.5815,143.58584700144146,239.7999729483781,62.15022681202182,239.7999729483781
S003_P0017,2024-01-01,44,212.4183744252182,176.56621,142.6887877932388,194.1337705683569,62.15022681202182,194.1337705683569
S003_P0018,2023-12-26,27,119.3553063768503,108.56188,138.82697749028335,113.85065892465664,108.42128250197418,113.85065892465664
S003_P0018,2023-12-27,67,182.5828865075272,131.15314,126.03875343880031,156.35371578868833,108.42128250197418,156.35371578868833
S003_P0018,2023-12-28,14,128.47664562027657,49.614357,137.99802993064134,88.25687842393552,108.42128250197418,88.25687842393552
S003_P0018,2023-12-29,265,95.44451393945027,63.3611,126.06496600849022,79.08197283033064,108.42128250197418,79.08197283033064
S003_P0018,2023-12-30,8,209.54235272400084,97.554886,137.9650395895314,152.4287446947604,108.42128250197418,152.4287446947604
S003_P0018,2023-12-31,2,185.25828950956583,203.92227,126.09780668240778,194.77691955968726,108.42128250197418,194.77691955968726
S003_P0018,2024-01-01,219,100.27692078473405,181.62857,137.93228904582642,141.76626188451968,108.42128250197418,141.76626188451968
S003_P0019,2023-12-26,237,145.11175518867108,127.587395,141.3632798997994,136.17433149244883,87.18703357952361,136.17433149244883
S003_P0019,2023-12-27,18,121.42950307493386,90.40963,143.06762265590618,105.60936780671759,87.18703357952361,105.60936780671759
S003_P0019,2023-12-28,275,295.96142841833523,121.674416,142.9442182963904,207.07505208498426,87.18703357952361,207.07505208498426
S003_P0019,2023-12-29,10,105.33072272092754,135.63446,143.00642414897257,120.7856287332545,87.18703357952361,120.7856287332545
S003_P0019,2023-12-30,208,153.30328812284213,191.25893,142.94672459629993,172.66066548019265,87.18703357952361,172.66066548019265
S003_P0019,2023-12-31,184,114.10951986421112,142.23901,143.0061848778295,128.45555983346344,87.18703357952361,128.45555983346344
S003_P0019,2024-01-01,184,161.02956141416877,78.21939,142.9468759612471,118.7963739929427,87.18703357952361,118.7963739929427
S003_P0020,2023-12-26,260,143.16155889087386,107.73374,138.22872023766345,125.09337125652819,104.12417072539938,125.09337125652819
S003_P0020,2023-12-27,22,134.2306341501673,103.79549,124.98641111748717,118.70871063358199,104.12417072539938,118.70871063358199
S003_P0020,2023-12-28,142,243.4300850710872,144.5468,147.33665224713303,192.99960968483273,104.12417072539938,192.99960968483273
S003_P0020,2023-12-29,48,147.6698843089685,165.29257,131.01147115629996,156.65745401139458,104.12417072539938,156.65745401139458
S003_P0020,2023-12-30,1,125.03077577104206,114.18851,141.8395764517987,119.5012202278106,104.12417072539938,119.5012202278106
S003_P0020,2023-12-31,17,194.03917154408728,265.92432,134.78732223825918,230.70059725660275,104.12417072539938,230.70059725660275
S003_P0020,2024-01-01,277,223.311136563554,309.1501,139.36347864776226,267.08900791614144,104.12417072539938,267.08900791614144
S004_P0001,2023-12-26,359,167.40011861573458,134.2237,137.3851147678617,150.48014512170994,125.47575440225395,150.48014512170994
S004_P0001,2023-12-27,40,114.38000162824736,73.68691,142.2145802945388,93.6265248978412,125.47575440225395,93.6265248978412
S004_P0001,2023-12-28,118,229.9383131205008,140.72162,134.87082544589632,184.4377996290454,125.47575440225395,184.4377996290454
S004_P0001,2023-12-29,33,3.990513394155421,6.822777,142.19587589913772,5.434967833136157,125.47575440225395,5.434967833136157
S004_P0001,2023-12-30,106,167.19191661115218,187.99245,134.87152227489807,177.80018863946458,125.47575440225395,177.80018863946458
S004_P0001,2023-12-31,86,153.827020959837,155.66481,142.19505114469243,154.76429337032013,125.47575440225395,154.76429337032013
S004_P0001,2024-01-01,496,144.635701884887,142.74971,134.8723460265737,143.67384602359462,125.47575440225395,143.67384602359462
S004_P0002,2023-12-26,345,185.015601145704,103.08033,133.14977085500087,143.22861286139496,102.34364273965105,143.22861286139496
S004_P0002,2023-12-27,250,103.89797061647498,74.08915,126.9753592832345,88.69547210207274,102.34364273965105,88.69547210207274
S004_P0002,2023-12-28,93,65.19974930184962,50.461613,133.85836350128565,57.683299787906314,102.34364273965105,57.683299787906314
S004_P0002,2023-12-29,13,97.79664224048804,100.5875,127.09775301754291,99.21997969783914,102.34364273965105,99.21997969783914
S004_P0002,2023-12-30,241,71.2400602487115,114.56737,133.72536188887952,93.33698822186864,102.34364273965105,93.33698822186864
S004_P0002,2023-12-31,194,148.15621835463077,121.87612,127.22834140996146,134.7533681937691,102.34364273965105,134.7533681937691
S004_P0002,2024-01-01,180,128.686805079628,143.1392,133.59734333056767,136.0575264890177,102.34364273965105,136.0575264890177
S004_P0003,2023-12-26,34,132.7929698596128,94.27583,138.06408430532736,113.14922853121028,91.61675752676057,113.14922853121028
S004_P0003,2023-12-27,12,199.5102052889785,216.84065,123.61470162842286,208.34873209159946,91.61675752676057,208.34873209159946
S004_P0003,2023-12-28,273,105.27947530147787,112.426414,131.09650756217775,108.92441403772415,91.61675752676057,108.92441403772415
S004_P0003,2023-12-29,218,59.8903721411608,47.106163,125.4153023379613,53.370425479168794,91.61675752676057,53.370425479168794
S004_P0003,2023-12-30,167,94.01655027827934,44.484673,130.04846867613333,68.75529286635688,91.61675752676057,68.75529286635688
S004_P0003,2023-12-31,33,120.68530392808294,134.69122,126.23155327905216,127.82832112476063,91.61675752676057,127.82832112476063
S004_P0003,2024-01-01,72,155.40274992278412,162.60959,129.38033369991655,159.0782383621642,91.61675752676057,159.0782383621642
S004_P0004,2023-12-26,0,92.90874210139712,103.16753,130.5249151091404,98.14072392968458,84.36862558561484,98.14072392968458
S004_P0004,2023-12-27,86,128.37926929924666,70.44734,131.88310898105635,98.83398535663085,84.36862558561484,98.83398535663085
S004_P0004,2023-12-28,139,211.3871085269888,231.9288,130.26198797207184,221.8633711782245,84.36862558561484,221.8633711782245
S004_P0004,2023-12-29,237,115.31716847139477,132.56326,131.87702327283932,124.11267515098345,84.36862558561484,124.11267515098345
S004_P0004,2023-12-30,12,81.6395681291584,81.08375,130.26862250581206,81.35610088328761,84.36862558561484,81.35610088328761
S004_P0004,2023-12-31,184,164.65895983464068,190.89302,131.87041476972476,178.03833051897394,84.36862558561484,178.03833051897394
S004_P0004,2024-01-01,6,200.1883841511155,245.87625,130.27520385891629,223.4891957340466,84.36862558561484,223.4891957340466
S004_P0005,2023-12-26,32,211.81690493660813,149.49365,131.95121975251766,180.03204491893797,52.22713748693195,180.03204491893797
S004_P0005,2023-12-27,240,149.11309653690253,111.42654,132.46263828294698,129.89295270308224,52.22713748693195,129.89295270308224
S004_P0005,2023-12-28,176,81.03464179129344,47.76573,133.63920441550107,64.0674967777338,52.22713748693195,64.0674967777338
S004_P0005,2023-12-29,85,110.80904802741462,71.25298,133.30002440579435,90.63545333343316,52.22713748693195,90.63545333343316
S004_P0005,2023-12-30,150,53.78734373864712,108.86818,133.48665587758126,81.87857023193709,52.22713748693195,81.87857023193709
S004_P0005,2023-12-31,134,136.88944423419562,195.98706,133.40464750301547,167.02922827475587,52.22713748693195,167.02922827475587
S004_P0005,2024-01-01,112,210.4069796605104,149.6232,133.44320581126075,179.40725203365008,52.22713748693195,179.40725203365008
S004_P0006,2023-12-26,164,179.20433160860753,169.9714,141.53695025837487,174.49553648821768,87.24396243014293,174.49553648821768
S004_P0006,2023-12-27,246,193.8908484962417,187.37752,143.4183504887369,190.56905096315842,87.24396243014293,190.56905096315842
S004_P0006,2023-12-28,356,81.24202943196694,54.937416,139.16833721208025,67.8266765816638,87.24396243014293,67.8266765816638
S004_P0006,2023-12-29,192,110.44242695168414,207.22664,142.98225442703006,159.80237560632523,87.24396243014293,159.80237560632523
S004_P0006,2023-12-30,11,85.91291861459194,71.81847,139.435001564809,78.72474982115006,87.24396243014293,78.72474982115006
S004_P0006,2023-12-31,101,118.16719547658272,56.03061,142.7274722801801,86.47753688352554,87.24396243014293,86.47753688352554
S004_P0006,2024-01-01,195,166.8080342450283,118.07896,139.67113003152082,141.95620638006386,87.24396243014293,141.95620638006386
S004_P0007,2023-12-26,89,111.26240486257126,96.52719,134.29136686527647,103.74744528265992,68.69708073066604,103.74744528265992
S004_P0007,2023-12-27,116,151.359080917941,120.07063,126.89366240089583,135.4019709497911,68.69708073066604,135.4019709497911
S004_P0007,2023-12-28,337,131.00318100767797,195.33194,133.81499082920257,163.81084809376222,68.69708073066604,163.81084809376222
S004_P0007,2023-12-29,152,121.96260134794298,141.38759,126.94709323213144,131.86934556049206,68.69708073066604,131.86934556049206
S004_P0007,2023-12-30,247,110.64087225176878,69.18876,133.78070393504407,89.5002950033667,68.69708073066604,89.5002950033667
S004_P0007,2023-12-31,83,48.427469297936646,82.39402,126.9803655851983,65.75041015598896,68.69708073066604,65.75041015598896
S004_P0007,2024-01-01,117,163.6556928100896,185.42859,133.7476314505789,174.75987037694392,68.69708073066604,174.75987037694392
S004_P0008,2023-12-26,309,135.96930228272242,196.41586,129.6948203294267,166.79704671853398,132.21576044292206,166.79704671853398
S004_P0008,2023-12-27,441,81.67774688060123,108.92165,139.77721231388412,95.5721374714946,132.21576044292206,95.5721374714946
S004_P0008,2023-12-28,105,99.4249186741374,87.056335,129.35796251841688,93.11694100032733,132.21576044292206,93.11694100032733
S004_P0008,2023-12-29,71,77.25141507556825,81.52655,139.7634656910057,79.43173388702844,132.21576044292206,79.43173388702844
S004_P0008,2023-12-30,188,128.3739266702436,207.08441,129.37114738819997,168.51627316841936,132.21576044292206,168.51627316841936
S004_P0008,2023-12-31,55,87.77593054699528,145.29483,139.75029668277415,117.11056926802769,132.21576044292206,117.11056926802769
S004_P0008,2024-01-01,365,134.81476929333752,119.56269,129.38429970752497,127.03620885373539,132.21576044292206,127.03620885373539
S004_P0009,2023-12-26,177,61.90176582473031,112.48666,136.18341668289736,87.70006185411785,52.35104820188821,87.70006185411785
S004_P0009,2023-12-27,96,132.83600746797453,60.558975,133.85071533946703,95.9747209093075,52.35104820188821,95.9747209093075
S004_P0009,2023-12-28,147,158.17773313822636,141.88965,135.32068778172993,149.8708107377309,52.35104820188821,149.8708107377309
S004_P0009,2023-12-29,73,128.38812902757198,87.136406,133.87857842631203,107.34975028351026,52.35104820188821,107.34975028351026
S004_P0009,2023-12-30,116,90.44442337702466,87.76198,135.30119034667237,89.07637725474208,52.35104820188821,89.07637725474208
S004_P0009,2023-12-31,240,129.85292915542203,116.97272,133.89773575792285,123.2840224861568,52.35104820188821,123.2840224861568
S004_P0009,2024-01-01,47,143.56631792544098,237.11163,135.28229173612408,191.2744270834661,52.35104820188821,191.2744270834661
S004_P0010,2023-12-26,126,166.60610130965145,81.2212,143.65438362819197,123.05980164172922,50.78273523906247,123.05980164172922
S004_P0010,2023-12-27,61,71.27226363566129,66.88013,132.7243988845057,69.03227548147402,50.78273523906247,69.03227548147402
S004_P0010,2023-12-28,121,80.18662888430542,129.58578,142.64434317981866,105.38019595330965,50.78273523906247,105.38019595330965
S004_P0010,2023-12-29,145,89.15180772423234,165.43842,133.1129607669505,128.05797998487384,50.78273523906247,128.05797998487384
S004_P0010,2023-12-30,264,158.31558524782497,170.85919,142.28919559027165,164.71282367143425,50.78273523906247,164.71282367143425
S004_P0010,2023-12-31,47,38.948992243172455,92.07341,133.45428318345287,66.04244529915451,50.78273523906247,66.04244529915451
S004_P0010,2024-01-01,113,192.45602880621337,208.65846,141.9605883491048,200.71926871504454,50.78273523906247,200.71926871504454
S004_P0011,2023-12-26,132,119.78341134435613,108.39563,140.90115823091145,113.9756428587345,89.44147560575195,113.9756428587345
S004_P0011,2023-12-27,44,186.45948229360067,137.97878,138.71188926190482,161.73432412386433,89.44147560575195,161.73432412386433
S004_P0011,2023-12-28,266,61.91697045066731,60.6543,140.75345853067952,61.27300852082698,89.44147560575195,61.27300852082698
S004_P0011,2023-12-29,241,99.54188005520687,170.77063,138.73086704131222,135.86854252705137,89.44147560575195,135.86854252705137
S004_P0011,2023-12-30,291,121.17142029807236,154.40895,140.73517113904887,138.12256044605545,89.44147560575195,138.12256044605545
S004_P0011,2023-12-31,30,39.03278105907868,142.4428,138.7489869924536,91.77189071894855,89.44147560575195,91.77189071894855
S004_P0011,2024-01-01,107,46.45718531493873,45.873894,140.71721501021477,46.159706744319976,89.44147560575195,46.159706744319976
S004_P0012,2023-12-26,70,171.88032660447575,125.36614,121.39954217159442,148.1580914361931,74.36698518245755,148.1580914361931
S004_P0012,2023-12-27,212,152.57301042114707,191.93513,131.09040365527744,172.64769140636207,74.36698518245755,172.64769140636207
S004_P0012,2023-12-28,73,150.32042551341053,97.16083,131.16421567351418,123.20903180157116,74.36698518245755,123.20903180157116
S004_P0012,2023-12-29,103,139.5203115863506,153.8351,131.98875228415122,146.8208536773118,74.36698518245755,146.8208536773118
S004_P0012,2023-12-30,262,162.09697477470456,141.33423,131.5588034409019,151.50797493960522,74.36698518245755,151.50797493960522
S004_P0012,2023-12-31,77,105.66397908274216,93.73979,131.85990692740364,99.58264265054365,74.36698518245755,99.58264265054365
S004_P0012,2024-01-01,63,84.59972762537359,56.88782,131.6621810543799,70.46665473643306,74.36698518245755,70.46665473643306
S004_P0013,2023-12-26,249,54.53331661158191,115.21372,131.73873613054622,85.48032233967513,110.31087942923251,85.48032233967513
S004_P0013,2023-12-27,115,82.74196159029515,73.741455,128.76600398022717,78.15170322924462,110.31087942923251,78.15170322924462
S004_P0013,2023-12-28,25,148.5214919701163,183.36755,133.95270357954865,166.29298156535697,110.31087942923251,166.29298156535697
S004_P0013,2023-12-29,30,188.32616601416177,213.31274,128.8457798272374,201.06931874693927,110.31087942923251,201.06931874693927
S004_P0013,2023-12-30,326,192.8270821128152,107.83235,133.91532220167886,149.47976873527944,110.31087942923251,149.47976873527944
S004_P0013,2023-12-31,37,148.68949761238477,125.239456,128.8836492947113,136.72997639006854,110.31087942923251,136.72997639006854
S004_P0013,2024-01-01,6,101.3622329522216,155.46051,133.87774959834832,128.95235424658858,110.31087942923251,128.95235424658858
S004_P0014,2023-12-26,63,90.33476024413127,110.18723,142.39758620895486,100.45951981962432,48.74186317114012,100.45951981962432
S004_P0014,2023-12-27,154,99.30971890103513,127.655914,139.14404418654226,113.76627840150721,48.74186317114012,113.76627840150721
S004_P0014,2023-12-28,144,183.01091328246423,212.47748,145.01092556026356,198.0388623084075,48.74186317114012,198.0388623084075
S004_P0014,2023-12-29,232,230.04437117693476,215.65099,139.44088196296423,222.70374677669804,48.74186317114012,222.70374677669804
S004_P0014,2023-12-30,55,102.2918049650527,77.15228,144.4574441935467,89.47064723287582,48.74186317114012,89.47064723287582
S004_P0014,2023-12-31,86,86.25789178634072,134.38411,139.96734748909032,110.80226307530695,48.74186317114012,110.80226307530695
S004_P0014,2024-01-01,169,162.59778829298986,198.39085,143.98319048665917,180.85224976356503,48.74186317114012,180.85224976356503
S004_P0015,2023-12-26,83,170.95292293647344,249.36124,140.08094761383435,210.941164638872,77.38523379092165,210.941164638872
S004_P0015,2023-12-27,192,169.82950224969787,172.8698,132.9700607952412,171.38005410235195,77.38523379092165,171.38005410235195
S004_P0015,2023-12-28,22,139.40611229720244,160.09756,142.40528021180918,149.9587506256292,77.38523379092165,149.9587506256292
S004_P0015,2023-12-29,56,100.5354282301812,50.52169,133.01266373141914,75.02842173278879,77.38523379092165,75.02842173278879
S004_P0015,2023-12-30,60,178.91097303646166,227.2636,142.40600772263363,203.5708127878662,77.38523379092165,203.5708127878662
S004_P0015,2023-12-31,95,128.78529884432496,152.89876,133.01272945172343,141.08316403371924,77.38523379092165,141.08316403371924
S004_P0015,2024-01-01,6,248.8119634239565,196.61322,142.4059565239494,222.19060427773871,77.38523379092165,222.19060427773871
S004_P0016,2023-12-26,150,200.5705914621012,212.60497,144.83829425467957,206.70812451642956,45.90191318058063,206.70812451642956
S004_P0016,2023-12-27,137,220.26535519189756,191.26666,143.44768562031817,205.4760206440298,45.90191318058063,205.4760206440298
S004_P0016,2023-12-28,32,174.76143904869244,204.99945,143.27958434354903,190.1828246338593,45.90191318058063,190.1828246338593
S004_P0016,2023-12-29,156,123.59928757112526,72.79522,143.3846309198627,97.68921310985138,45.90191318058063,97.68921310985138
S004_P0016,2023-12-30,79,141.2449996821592,179.33057,143.2770680218027,160.668640544258,45.90191318058063,160.668640544258
S004_P0016,2023-12-31,221,146.59236286567537,128.40608,143.38449609088497,137.31735860418092,45.90191318058063,137.31735860418092
S004_P0016,2024-01-01,182,122.68218799601988,161.2068,143.27709564994686,142.32974011804976,45.90191318058063,142.32974011804976
S004_P0017,2023-12-26,195,81.07343815319132,189.0243,141.7419652262319,136.12837769506376,82.69307438817782,136.12837769506376
S004_P0017,2023-12-27,67,54.08311308327716,94.52428,134.23893931548295,74.70810821080582,82.69307438817782,74.70810821080582
S004_P0017,2023-12-28,174,136.71734747553683,160.95157,136.77027930215834,149.07680096301306,82.69307438817782,149.07680096301306
S004_P0017,2023-12-29,100,259.1891777045115,175.77498,134.48476974364894,216.64793687521063,82.69307438817782,216.64793687521063
S004_P0017,2023-12-30,383,137.9094930506994,115.13111,136.7274554765055,126.29251769484272,82.69307438817782,126.29251769484272
S004_P0017,2023-12-31,122,100.1767572378072,104.12105,134.51841507934847,102.18834654652552,82.69307438817782,102.18834654652552
S004_P0017,2024-01-01,19,175.66341472293558,210.65048,136.69467527205887,193.50681801423843,82.69307438817782,193.50681801423843
S004_P0018,2023-12-26,28,115.22495567037686,65.65703,120.9430214432879,89.94531357848466,85.54941415211503,89.94531357848466
S004_P0018,2023-12-27,19,136.96250408282623,186.96295,127.47784621619428,162.46273150058485,85.54941415211503,162.46273150058485
S004_P0018,2023-12-28,58,156.60802432649774,203.32184,129.13406100185327,180.4320703199839,85.54941415211503,180.4320703199839
S004_P0018,2023-12-29,52,113.38923361019307,161.3263,128.03022128186785,137.83713746899463,85.54941415211503,137.83713746899463
S004_P0018,2023-12-30,171,75.70397365727293,147.31863,129.14971992191886,112.22744839206374,85.54941415211503,112.22744839206374
S004_P0018,2023-12-31,213,160.64865158038089,95.97218,128.0511065676993,127.66365107438664,85.54941415211503,127.66365107438664
S004_P0018,2024-01-01,1,86.49474848276017,58.966175,129.13153877956992,72.45517600655248,85.54941415211503,72.45517600655248
S004_P0019,2023-12-26,338,219.75937572078865,257.67178,144.92775555042616,239.09470190318646,95.21619488857384,239.09470190318646
S004_P0019,2023-12-27,33,72.47034557925483,153.01425,132.48847940791086,113.54773683383486,95.21619488857384,113.54773683383486
S004_P0019,2023-12-28,160,107.84354238059602,185.47792,140.24516016151173,147.43707496649205,95.21619488857384,147.43707496649205
S004_P0019,2023-12-29,219,92.4700595005976,162.32146,132.89609324366037,128.09427375529282,95.21619488857384,128.09427375529282
S004_P0019,2023-12-30,11,74.31758596005466,26.073717,140.05941483470176,49.71321279042678,95.21619488857384,49.71321279042678
S004_P0019,2023-12-31,88,65.03872803683207,0.0,133.0666179695071,31.868976738047714,95.21619488857384,31.868976738047714
S004_P0019,2024-01-01,44,205.0875253006757,200.21642,139.89348676564651,202.60326159733108,95.21619488857384,202.60326159733108
S004_P0020,2023-12-26,176,159.13319217785926,129.4232,133.21397882990595,143.98109616715107,45.096987431477885,143.98109616715107
S004_P0020,2023-12-27,48,73.45995520010733,67.87131,138.71272175717735,70.6097461480526,45.096987431477885,70.6097461480526
S004_P0020,2023-12-28,141,17.93664217568997,70.49916,132.95864023785916,44.74352626608808,45.096987431477885,44.74352626608808
S004_P0020,2023-12-29,141,94.1912289272367,104.24638,138.70911560514313,99.31935597434598,45.096987431477885,99.31935597434598
S004_P0020,2023-12-30,67,129.476480750998,203.80957,132.96160346492198,167.38635626798902,45.096987431477885,167.38635626798902
S004_P0020,2023-12-31,139,91.1291429344804,106.22983,138.70615231796674,98.8304933378954,45.096987431477885,98.8304933378954
S004_P0020,2024-01-01,243,166.83997241595523,198.42392,132.96456522036348,182.94778568381807,45.096987431477885,182.94778568381807
S005_P0001,2023-12-26,14,210.6730269577882,143.4427,130.83389023458943,176.38556020931622,75.91313924634106,176.38556020931622
S005_P0001,2023-12-27,313,165.21323557340028,176.59105,132.59175843377636,171.01592093096613,75.91313924634106,171.01592093096613
S005_P0001,2023-12-28,113,177.0784331122551,117.578896,129.56567950128013,146.733669185005,75.91313924634106,146.733669185005
S005_P0001,2023-12-29,123,136.75375591051508,157.75388,132.52364797955445,147.46381919615237,75.91313924634106,147.46381919615237
S005_P0001,2023-12-30,92,161.54369632293194,158.4763,129.60752224079062,159.97932419823667,75.91313924634106,159.97932419823667
S005_P0001,2023-12-31,39,185.4571508442837,122.059326,132.48191854477605,153.12426017369899,75.91313924634106,153.12426017369899
S005_P0001,2024-01-01,201,64.90282292432768,105.46666,129.64864535022554,85.59037983292058,75.91313924634106,85.59037983292058
S005_P0002,2023-12-26,179,113.88388940287554,96.9457,135.5264407589108,105.24541280740901,72.4804060575544,105.24541280740901
S005_P0002,2023-12-27,30,124.93213096214603,215.42941,147.15100165036625,171.08574327145155,72.4804060575544,171.08574327145155
S005_P0002,2023-12-28,282,164.43901417654337,187.90746,135.0295269360532,176.40792154650623,72.4804060575544,176.40792154650623
S005_P0002,2023-12-29,120,195.46687534553263,226.94762,146.94033437538832,211.522055119311,72.4804060575544,211.522055119311
S005_P0002,2023-12-30,183,157.51476582098505,304.81934,135.246367392752,232.6400986522827,72.4804060575544,232.6400986522827
S005_P0002,2023-12-31,271,149.63386860982945,161.95197,146.72730075176187,155.9161003188164,72.4804060575544,155.9161003188164
S005_P0002,2024-01-01,97,159.3308491880727,156.76599,135.4555221167711,158.0227710021556,72.4804060575544,158.0227710021556
S005_P0003,2023-12-26,268,111.02249618551906,182.46286,144.90047741319364,147.45708173090435,64.89502202749829,147.45708173090435
S005_P0003,2023-12-27,244,126.47575655824438,119.51418,145.47580090276068,122.92535251353975,64.89502202749829,122.92535251353975
S005_P0003,2023-12-28,190,139.87518633172388,102.819244,143.6209185843488,120.9766557425447,64.89502202749829,120.9766557425447
S005_P0003,2023-12-29,144,206.31715043407323,195.09789,145.4598846528331,200.59532761269588,64.89502202749829,200.59532761269588
S005_P0003,2023-12-30,29,133.77602819511998,266.0058,143.66778270369613,201.2132118156088,64.89502202749829,201.2132118156088
S005_P0003,2023-12-31,155,135.2661991744773,163.72646,145.41345607070858,149.78093219549388,64.89502202749829,149.78093219549388
S005_P0003,2024-01-01,92,194.79851142900816,151.5365,143.7130272866755,172.734885600214,64.89502202749829,172.734885600214
S005_P0004,2023-12-26,31,75.9521643579167,73.02839,142.29777272156687,74.46103943537918,56.74658519206498,74.46103943537918
S005_P0004,2023-12-27,151,67.60839340376597,127.23052,136.38916602932653,98.01567796784532,56.74658519206498,98.01567796784532
S005_P0004,2023-12-28,237,114.4711697764918,175.19742,138.27935203226744,145.441557390481,56.74658519206498,145.441557390481
S005_P0004,2023-12-29,132,130.93765983303248,84.16472,137.0642230926458,107.08346051818592,56.74658519206498,107.08346051818592
S005_P0004,2023-12-30,153,126.33999279416253,65.70738,137.93916551033334,95.41736026913964,56.74658519206498,95.41736026913964
S005_P0004,2023-12-31,30,154.95908281444898,139.59798,137.30200174363182,147.12492037908,56.74658519206498,147.12492037908
S005_P0004,2024-01-01,85,138.1770937902644,196.4094,137.76649610637088,167.87556995722957,56.74658519206498,167.87556995722957
S005_P0005,2023-12-26,118,219.4027118511435,152.41875,143.49400130867153,185.24089130706028,125.76459708233756,185.24089130706028
S005_P0005,2023-12-27,12,180.7525095595736,201.09933,140.8634697407146,191.12938798419106,125.76459708233756,191.12938798419106
S005_P0005,2023-12-28,74,184.69884010393773,80.01098,142.93485022930352,131.3080314509295,125.76459708233756,131.3080314509295
S005_P0005,2023-12-29,417,138.89282626593885,178.35815,140.93843671192957,159.02014137031003,125.76459708233756,159.02014137031003
S005_P0005,2023-12-30,472,122.210425472258,131.16714,142.84705133733965,126.7783498814064,125.76459708233756,126.7783498814064
S005_P0005,2023-12-31,210,170.5693004947244,135.61993,141.0218339410384,152.74512154241495,125.76459708233756,152.74512154241495
S005_P0005,2024-01-01,154,141.739383989779,109.59764,142.767279223596,125.34709455499168,125.76459708233756,125.34709455499168
S005_P0006,2023-12-26,482,122.62955293384016,143.2299,130.1992817130062,133.1357299375817,120.6501976317508,133.1357299375817
S005_P0006,2023-12-27,177,115.43346414104798,148.65155,142.17199871957052,132.3746879291135,120.6501976317508,132.3746879291135
S005_P0006,2023-12-28,21,126.35366774273268,54.160522,128.51424729543763,89.53516341393902,120.6501976317508,89.53516341393902
S005_P0006,2023-12-29,25,85.12525170352264,101.15724,141.94471988994084,93.3015657347261,120.6501976317508,93.3015657347261
S005_P0006,2023-12-30,77,165.9520418046463,168.90445,128.62783939852514,167.4577699842767,120.6501976317508,167.4577699842767
S005_P0006,2023-12-31,299,83.12795790833601,151.21063,141.8255696035987,117.85012067508465,120.6501976317508,117.85012067508465
S005_P0006,2024-01-01,173,16.28452449973397,154.71991,128.74554013548396,86.88657110486965,120.6501976317508,86.88657110486965
S005_P0007,2023-12-26,254,179.17372005393756,153.71904,147.63968340493574,166.19183322642942,66.48978780082639,166.19183322642942
S005_P0007,2023-12-27,154,120.00770204972866,51.653957,137.53324635184143,85.14729207436704,66.48978780082639,85.14729207436704
S005_P0007,2023-12-28,142,101.67618692490936,91.126175,138.76990659503272,96.29568084320559,66.48978780082639,96.29568084320559
S005_P0007,2023-12-29,36,148.24177931654424,167.46426,138.17288924088396,158.0452444651067,66.48978780082639,158.0452444651067
S005_P0007,2023-12-30,58,148.21053532103943,80.81672,138.6784352221854,113.83968950730932,66.48978780082639,113.83968950730932
S005_P0007,2023-12-31,162,164.9493060886637,236.77052,138.22348612543746,201.5781251834452,66.48978780082639,201.5781251834452
S005_P0007,2024-01-01,4,197.95594078113552,209.95439,138.6347948457112,204.07514988275642,66.48978780082639,204.07514988275642
S005_P0008,2023-12-26,43,84.48121653368234,192.72353,135.16212531245213,139.68479640150434,95.56498146779283,139.68479640150434
S005_P0008,2023-12-27,242,125.88141520508198,144.8332,134.04558120404874,135.5468254504902,95.56498146779283,135.5468254504902
S005_P0008,2023-12-28,222,77.73063265416222,82.77815,133.71389643843992,80.30486650053949,95.56498146779283,80.30486650053949
S005_P0008,2023-12-29,126,97.7829486837106,97.449394,134.02903328179036,97.61283579501819,95.56498146779283,97.61283579501819
S005_P0008,2023-12-30,222,118.26268729599391,80.456505,133.71695133411694,98.98153432503702,95.56498146779283,98.98153432503702
S005_P0008,2023-12-31,8,160.65896594165392,71.490456,134.02588671642363,115.18302587141042,95.56498146779283,115.18302587141042
S005_P0008,2024-01-01,292,111.3857903518342,37.977066,133.72006506016209,73.94734093239876,95.56498146779283,73.94734093239876
S005_P0009,2023-12-26,25,101.42607125795612,83.13689,146.64542465278737,92.09858881639849,83.10793234294339,92.09858881639849
S005_P0009,2023-12-27,251,133.03023052522843,91.710205,130.5416692558497,111.95701750736194,83.10793234294339,111.95701750736194
S005_P0009,2023-12-28,115,217.95938117159776,174.10489,142.0879560653056,195.59359067408292,83.10793234294339,195.59359067408292
S005_P0009,2023-12-29,156,173.85017177730754,141.28377,130.35815809049777,157.2413068708807,83.10793234294339,157.2413068708807
S005_P0009,2023-12-30,237,167.32075423288552,201.23534,142.00750560417424,184.6171929741139,83.10793234294339,184.6171929741139
S005_P0009,2023-12-31,15,216.13336115348844,225.02953,130.4234912840177,220.67040726520935,83.10793234294339,220.67040726520935
S005_P0009,2024-01-01,211,99.71616563738824,119.64604,141.94172566358176,109.88040156232023,83.10793234294339,109.88040156232023
S005_P0010,2023-12-26,19,104.48388532419229,91.51826,143.3008571595572,97.87141640885422,69.02135262536436,97.87141640885422
S005_P0010,2023-12-27,84,155.6632312994711,114.30754,133.18509964927347,134.57182873674085,69.02135262536436,134.57182873674085
S005_P0010,2023-12-28,54,197.2844445482792,294.7138,141.94375416276262,246.9734158286568,69.02135262536436,246.9734158286568
S005_P0010,2023-12-29,171,184.0569768330579,286.63196,133.17298389737886,236.37021824819834,69.02135262536436,236.37021824819834
S005_P0010,2023-12-30,58,208.51492372706895,173.03651,141.9199985011774,190.4209327262638,69.02135262536436,190.4209327262638
S005_P0010,2023-12-31,217,223.1781672666645,198.38869,133.19573714830162,210.53553386066562,69.02135262536436,210.53553386066562
S005_P0010,2024-01-01,184,111.34772699957436,174.67102,141.8972798169118,143.64260642979144,69.02135262536436,143.64260642979144
S005_P0011,2023-12-26,172,125.11066516511364,81.8175,129.43936229495324,103.03115093090568,101.52056375934067,103.03115093090568
S005_P0011,2023-12-27,13,132.25050302476225,89.041595,143.3196241905951,110.21395993213349,101.52056375934067,110.21395993213349
S005_P0011,2023-12-28,52,102.73309794388356,165.18892,130.19599088699147,134.58556719250294,101.52056375934067,134.58556719250294
S005_P0011,2023-12-29,336,148.2532009318241,70.51191,142.54623982288777,108.60514255659379,101.52056375934067,108.60514255659379
S005_P0011,2023-12-30,6,162.5663367720716,164.89558,130.92396196997743,163.75425081831509,101.52056375934067,163.75425081831509
S005_P0011,2023-12-31,13,184.4549260061648,147.42972,141.86117769118707,165.57207094302075,101.52056375934067,165.57207094302075
S005_P0011,2024-01-01,121,92.73749998365516,196.2837,131.56864388403136,145.54606199199105,101.52056375934067,145.54606199199105
S005_P0012,2023-12-26,71,80.21759351032274,76.80877,140.4959075150765,78.47909352005814,97.54610569924982,78.47909352005814
S005_P0012,2023-12-27,45,184.55690376625603,184.33784,134.00646446918458,184.44518124546545,97.54610569924982,184.44518124546545
S005_P0012,2023-12-28,66,86.45794214342152,130.44296,135.43969229639185,108.89030125027655,97.54610569924982,108.89030125027655
S005_P0012,2023-12-29,28,110.1991980623838,52.912262,133.88413940151906,80.98286067056806,97.54610569924982,80.98286067056806
S005_P0012,2023-12-30,216,68.85741914656906,106.31358,135.42461871152082,87.96006118181884,97.54610569924982,87.96006118181884
S005_P0012,2023-12-31,52,152.41272963846572,186.31783,133.89547737778346,169.7043308228482,97.54610569924982,169.7043308228482
S005_P0012,2024-01-01,324,138.37380959056392,145.7511,135.4132686645762,142.13622769937632,97.54610569924982,142.13622769937632
S005_P0013,2023-12-26,114,111.72656748254488,170.16866,141.29891435388535,141.53203466644698,96.20188234162856,141.53203466644698
S005_P0013,2023-12-27,306,83.319184360689,141.98018,133.31359778407432,113.2362921367376,96.20188234162856,113.2362921367376
S005_P0013,2023-12-28,222,103.98950366476647,149.22859,143.42622548847652,127.06143769573558,96.20188234162856,127.06143769573558
S005_P0013,2023-12-29,287,54.45922342262321,132.80159,136.42629924645593,94.41383037708538,96.20188234162856,94.41383037708538
S005_P0013,2023-12-30,234,119.21656268275002,112.25203,141.12252314480577,115.6646510145475,96.20188234162856,115.6646510145475
S005_P0013,2023-12-31,160,178.7568127674016,89.80136,137.9788488049026,133.3895318560268,96.20188234162856,133.3895318560268
S005_P0013,2024-01-01,276,167.44350792307148,87.71207,140.08289967865142,126.78047458230502,96.20188234162856,126.78047458230502
S005_P0014,2023-12-26,16,193.0726313427427,196.94565,134.2759338527249,195.04787085794393,79.40518860609781,195.04787085794393
S005_P0014,2023-12-27,50,270.2069506699331,267.61188,137.3462228578195,268.88346462826723,79.40518860609781,268.88346462826723
S005_P0014,2023-12-28,229,258.4032847907944,266.8954,137.53411916878707,262.73426354748926,79.40518860609781,262.73426354748926
S005_P0014,2023-12-29,198,173.60564237706944,62.327736,137.15125872831447,116.85391012476403,79.40518860609781,116.85391012476403
S005_P0014,2023-12-30,153,118.4701264550824,129.2406,137.5392452808273,123.96306796299038,79.40518860609781,123.96306796299038
S005_P0014,2023-12-31,22,111.9816445582248,179.7822,137.1577750814455,146.55992783353014,79.40518860609781,146.55992783353014
S005_P0014,2024-01-01,190,174.7280952138974,235.13394,137.5321351298195,205.53507605480974,79.40518860609781,205.53507605480974
S005_P0015,2023-12-26,29,69.38450602036079,63.764225,155.4078109344705,66.51816269997678,130.1950287736744,66.51816269997678
S005_P0015,2023-12-27,39,142.1817917928564,223.59212,139.3731690555164,183.70105917849963,130.1950287736744,183.70105917849963
S005_P0015,2023-12-28,337,292.0957451479174,234.77715,159.07243361778774,262.8632616224795,130.1950287736744,262.8632616224795
S005_P0015,2023-12-29,64,165.0168471481905,205.20676,139.53970504280005,185.51370270261333,130.1950287736744,185.51370270261333
S005_P0015,2023-12-30,46,79.56304101517264,163.2469,158.82736175473028,122.2418090974346,130.1950287736744,122.2418090974346
S005_P0015,2023-12-31,33,220.8069994047344,151.3269,139.78339815855406,185.37214870831986,130.1950287736744,185.37214870831986
S005_P0015,2024-01-01,323,200.52847275538,143.63725,158.58671148627326,171.5139491501362,130.1950287736744,171.5139491501362
S005_P0016,2023-12-26,18,145.94444784948948,115.42397,129.50038450180875,130.37900414624983,114.12545430687148,130.37900414624983
S005_P0016,2023-12-27,201,130.70246808419287,121.004,144.4528149614394,125.7562493612545,114.12545430687148,125.7562493612545
S005_P0016,2023-12-28,13,146.19010653532234,79.44743,134.53041940371278,112.15134150230793,114.12545430687148,112.15134150230793
S005_P0016,2023-12-29,273,208.54704282473065,191.69913,143.5068565796869,199.95460728411803,114.12545430687148,199.95460728411803
S005_P0016,2023-12-30,11,183.19148768616128,214.97774,135.47640054819018,199.40247636621905,114.12545430687148,199.40247636621905
S005_P0016,2023-12-31,54,132.1625549621262,177.63538,142.66306297082764,155.35369573144183,114.12545430687148,155.35369573144183
S005_P0016,2024-01-01,8,173.32243829493467,172.67018,136.23160303818656,172.989786564518,114.12545430687148,172.989786564518
S005_P0017,2023-12-26,76,114.01245670363387,170.61478,149.15584382448668,142.8796415847806,44.23363530661272,142.8796415847806
S005_P0017,2023-12-27,104,141.33232927355945,96.718895,128.99988315553853,118.57947779404412,44.23363530661272,118.57947779404412
S005_P0017,2023-12-28,109,209.3792239918176,152.52626,145.27881592632832,180.38421235599066,44.23363530661272,180.38421235599066
S005_P0017,2023-12-29,225,187.05670148779737,100.79276,129.43400946827083,143.06209132902072,44.23363530661272,143.06209132902072
S005_P0017,2023-12-30,150,206.14078562887008,196.04619,145.0086220509573,200.99254185814635,44.23363530661272,200.99254185814635
S005_P0017,2023-12-31,162,132.9557567909297,105.87708,129.6924546650486,119.14563162755556,44.23363530661272,119.14563162755556
S005_P0017,2024-01-01,51,140.3246196471096,144.54514,144.75479694269072,142.47708502708372,44.23363530661272,142.47708502708372
S005_P0018,2023-12-26,12,50.174190410566105,97.00015,133.19499496889267,74.0554298011774,101.07055360788851,74.0554298011774
S005_P0018,2023-12-27,361,149.5471917075718,73.71046,133.1681506364818,110.87045853671019,101.07055360788851,110.87045853671019
S005_P0018,2023-12-28,6,118.37078152358724,68.128716,135.0842570287261,92.74732810655775,101.07055360788851,92.74732810655775
S005_P0018,2023-12-29,144,142.18238466012875,180.34436,133.21302382041043,161.64499208346308,101.07055360788851,161.64499208346308
S005_P0018,2023-12-30,29,92.46423337753778,103.43335,135.0771825122472,98.05848285499351,101.07055360788851,98.05848285499351
S005_P0018,2023-12-31,111,117.36263616780236,88.92132,133.22080326400064,102.85756492222316,101.07055360788851,102.85756492222316
S005_P0018,2024-01-01,36,97.08007388046178,82.535,135.069449814508,89.66208620142626,101.07055360788851,89.66208620142626
S005_P0019,2023-12-26,39,137.50918714039594,143.03539,132.58464622220063,140.327550598794,116.0699195334379,140.327550598794
S005_P0019,2023-12-27,352,162.99542249153166,158.93832,135.73028582793626,160.92630022085052,116.0699195334379,160.92630022085052
S005_P0019,2023-12-28,230,75.04410093332316,60.94448,134.40388299202343,67.85329425732836,116.0699195334379,67.85329425732836
S005_P0019,2023-12-29,80,100.52306215094568,169.41144,135.68552323123842,135.65613485396338,116.0699195334379,135.65613485396338
S005_P0019,2023-12-30,29,146.84587485423054,201.97311,134.423459963897,174.96076477857298,116.0699195334379,174.96076477857298
S005_P0019,2023-12-31,17,30.04266521652012,33.3795,135.66658391579534,31.74445095609486,116.0699195334379,31.74445095609486
S005_P0019,2024-01-01,264,96.49195586788176,192.77286,134.44211031169556,145.59521697526208,116.0699195334379,145.59521697526208
S005_P0020,2023-12-26,153,86.24496861168383,109.3433,137.6446060975409,98.02511761972508,66.92413172718862,98.02511761972508
S005_P0020,2023-12-27,138,116.44233108340605,158.12126,142.34876747504254,137.69858483086898,66.92413172718862,137.69858483086898
S005_P0020,2023-12-28,56,88.78904294610574,75.85482,134.9878789339137,82.19258924359181,66.92413172718862,82.19258924359181
S005_P0020,2023-12-29,268,62.5607308584226,132.86548,142.3139503374293,98.41615292062707,66.92413172718862,98.41615292062707
S005_P0020,2023-12-30,149,173.9112870190486,157.0269,135.07583159958713,165.3002496393338,66.92413172718862,165.3002496393338
S005_P0020,2023-12-31,40,140.0485139064072,149.89024,142.2259880953914,145.06779421413955,66.92413172718862,145.06779421413955
S005_P0020,2024-01-01,6,156.6523592188449,132.90634,135.16274632449176,144.54188941723402,66.92413172718862,144.54188941723402
