sku,date,day_ahead,lstm_forecast,price,inventory_level
S001_P0001,2024-01-02,1,139.31,55.26,223
S001_P0001,2024-01-03,2,140.5,55.26,223
S001_P0001,2024-01-04,3,139.74,55.26,223
S001_P0001,2024-01-05,4,139.27,55.26,223
S001_P0001,2024-01-06,5,139.1,55.26,223
S001_P0001,2024-01-07,6,139.07,55.26,223
S001_P0001,2024-01-08,7,139.08,55.26,223
S001_P0002,2024-01-02,1,140.03,44.84,217
S001_P0002,2024-01-03,2,140.15,44.84,217
S001_P0002,2024-01-04,3,139.53,44.84,217
S001_P0002,2024-01-05,4,139.19,44.84,217
S001_P0002,2024-01-06,5,139.08,44.84,217
S001_P0002,2024-01-07,6,139.08,44.84,217
S001_P0002,2024-01-08,7,139.09,44.84,217
S001_P0003,2024-01-02,1,138.33,21.94,69
S001_P0003,2024-01-03,2,139.59,21.94,69
S001_P0003,2024-01-04,3,139.39,21.94,69
S001_P0003,2024-01-05,4,139.21,21.94,69
S001_P0003,2024-01-06,5,139.11,21.94,69
S001_P0003,2024-01-07,6,139.09,21.94,69
S001_P0003,2024-01-08,7,139.09,21.94,69
S001_P0004,2024-01-02,1,140.04,86.37,338
S001_P0004,2024-01-03,2,138.75,86.37,338
S001_P0004,2024-01-04,3,138.8,86.37,338
S001_P0004,2024-01-05,4,138.97,86.37,338
S001_P0004,2024-01-06,5,139.07,86.37,338
S001_P0004,2024-01-07,6,139.1,86.37,338
S001_P0004,2024-01-08,7,139.1,86.37,338
S001_P0005,2024-01-02,1,141.0,15.58,471
S001_P0005,2024-01-03,2,138.41,15.58,471
S001_P0005,2024-01-04,3,138.58,15.58,471
S001_P0005,2024-01-05,4,138.87,15.58,471
S001_P0005,2024-01-06,5,139.04,15.58,471
S001_P0005,2024-01-07,6,139.1,15.58,471
S001_P0005,2024-01-08,7,139.1,15.58,471
S001_P0006,2024-01-02,1,139.17,64.76,305
S001_P0006,2024-01-03,2,139.7,64.76,305
S001_P0006,2024-01-04,3,139.36,64.76,305
S001_P0006,2024-01-05,4,139.17,64.76,305
S001_P0006,2024-01-06,5,139.1,64.76,305
S001_P0006,2024-01-07,6,139.09,64.76,305
S001_P0006,2024-01-08,7,139.09,64.76,305
S001_P0007,2024-01-02,1,136.15,77.44,256
S001_P0007,2024-01-03,2,139.37,77.44,256
S001_P0007,2024-01-04,3,139.52,77.44,256
S001_P0007,2024-01-05,4,139.31,77.44,256
S001_P0007,2024-01-06,5,139.14,77.44,256
S001_P0007,2024-01-07,6,139.09,77.44,256
S001_P0007,2024-01-08,7,139.08,77.44,256
S001_P0008,2024-01-02,1,141.11,31.34,315
S001_P0008,2024-01-03,2,138.88,31.34,315
S001_P0008,2024-01-04,3,138.77,31.34,315
S001_P0008,2024-01-05,4,138.92,31.34,315
S001_P0008,2024-01-06,5,139.05,31.34,315
S001_P0008,2024-01-07,6,139.09,31.34,315
S001_P0008,2024-01-08,7,139.1,31.34,315
S001_P0009,2024-01-02,1,138.13,96.8,167
S001_P0009,2024-01-03,2,140.34,96.8,167
S001_P0009,2024-01-04,3,139.78,96.8,167
S001_P0009,2024-01-05,4,139.32,96.8,167
S001_P0009,2024-01-06,5,139.12,96.8,167
S001_P0009,2024-01-07,6,139.08,96.8,167
S001_P0009,2024-01-08,7,139.08,96.8,167
S001_P0010,2024-01-02,1,138.12,40.95,167
S001_P0010,2024-01-03,2,139.52,40.95,167
S001_P0010,2024-01-04,3,139.43,40.95,167
S001_P0010,2024-01-05,4,139.22,40.95,167
S001_P0010,2024-01-06,5,139.11,40.95,167
S001_P0010,2024-01-07,6,139.08,40.95,167
S001_P0010,2024-01-08,7,139.09,40.95,167
S001_P0011,2024-01-02,1,136.72,90.89,449
S001_P0011,2024-01-03,2,139.39,90.89,449
S001_P0011,2024-01-04,3,139.43,90.89,449
S001_P0011,2024-01-05,4,139.26,90.89,449
S001_P0011,2024-01-06,5,139.13,90.89,449
S001_P0011,2024-01-07,6,139.09,90.89,449
S001_P0011,2024-01-08,7,139.09,90.89,449
S001_P0012,2024-01-02,1,138.98,39.14,213
S001_P0012,2024-01-03,2,140.31,39.14,213
S001_P0012,2024-01-04,3,139.71,39.14,213
S001_P0012,2024-01-05,4,139.27,39.14,213
S001_P0012,2024-01-06,5,139.1,39.14,213
S001_P0012,2024-01-07,6,139.07,39.14,213
S001_P0012,2024-01-08,7,139.08,39.14,213
S001_P0013,2024-01-02,1,140.33,59.93,356
S001_P0013,2024-01-03,2,138.53,59.93,356
S001_P0013,2024-01-04,3,138.69,59.93,356
S001_P0013,2024-01-05,4,138.93,59.93,356
S001_P0013,2024-01-06,5,139.06,59.93,356
S001_P0013,2024-01-07,6,139.1,59.93,356
S001_P0013,2024-01-08,7,139.1,59.93,356
S001_P0014,2024-01-02,1,141.54,29.01,293
S001_P0014,2024-01-03,2,139.03,29.01,293
S001_P0014,2024-01-04,3,138.82,29.01,293
S001_P0014,2024-01-05,4,138.92,29.01,293
S001_P0014,2024-01-06,5,139.04,29.01,293
S001_P0014,2024-01-07,6,139.09,29.01,293
S001_P0014,2024-01-08,7,139.1,29.01,293
S001_P0015,2024-01-02,1,140.58,25.26,356
S001_P0015,2024-01-03,2,138.09,25.26,356
S001_P0015,2024-01-04,3,138.41,25.26,356
S001_P0015,2024-01-05,4,138.83,25.26,356
S001_P0015,2024-01-06,5,139.04,25.26,356
S001_P0015,2024-01-07,6,139.1,25.26,356
S001_P0015,2024-01-08,7,139.1,25.26,356
S001_P0016,2024-01-02,1,138.69,40.61,74
S001_P0016,2024-01-03,2,140.58,40.61,74
S001_P0016,2024-01-04,3,139.83,40.61,74
S001_P0016,2024-01-05,4,139.32,40.61,74
S001_P0016,2024-01-06,5,139.11,40.61,74
S001_P0016,2024-01-07,6,139.07,40.61,74
S001_P0016,2024-01-08,7,139.08,40.61,74
S001_P0017,2024-01-02,1,140.4,20.68,282
S001_P0017,2024-01-03,2,138.72,20.68,282
S001_P0017,2024-01-04,3,138.74,20.68,282
S001_P0017,2024-01-05,4,138.94,20.68,282
S001_P0017,2024-01-06,5,139.06,20.68,282
S001_P0017,2024-01-07,6,139.1,20.68,282
S001_P0017,2024-01-08,7,139.1,20.68,282
S001_P0018,2024-01-02,1,139.27,24.1,191
S001_P0018,2024-01-03,2,140.94,24.1,191
S001_P0018,2024-01-04,3,139.95,24.1,191
S001_P0018,2024-01-05,4,139.33,24.1,191
S001_P0018,2024-01-06,5,139.09,24.1,191
S001_P0018,2024-01-07,6,139.06,24.1,191
S001_P0018,2024-01-08,7,139.08,24.1,191
S001_P0019,2024-01-02,1,140.31,81.71,149
S001_P0019,2024-01-03,2,139.48,81.71,149
S001_P0019,2024-01-04,3,139.17,81.71,149
S001_P0019,2024-01-05,4,139.08,81.71,149
S001_P0019,2024-01-06,5,139.07,81.71,149
S001_P0019,2024-01-07,6,139.09,81.71,149
S001_P0019,2024-01-08,7,139.09,81.71,149
S001_P0020,2024-01-02,1,139.2,11.0,242
S001_P0020,2024-01-03,2,140.45,11.0,242
S001_P0020,2024-01-04,3,139.73,11.0,242
S001_P0020,2024-01-05,4,139.27,11.0,242
S001_P0020,2024-01-06,5,139.1,11.0,242
S001_P0020,2024-01-07,6,139.07,11.0,242
S001_P0020,2024-01-08,7,139.08,11.0,242
S002_P0001,2024-01-02,1,136.57,11.72,415
S002_P0001,2024-01-03,2,139.31,11.72,415
S002_P0001,2024-01-04,3,139.39,11.72,415
S002_P0001,2024-01-05,4,139.25,11.72,415
S002_P0001,2024-01-06,5,139.13,11.72,415
S002_P0001,2024-01-07,6,139.09,11.72,415
S002_P0001,2024-01-08,7,139.08,11.72,415
S002_P0002,2024-01-02,1,139.25,57.66,364
S002_P0002,2024-01-03,2,140.63,57.66,364
S002_P0002,2024-01-04,3,139.8,57.66,364
S002_P0002,2024-01-05,4,139.28,57.66,364
S002_P0002,2024-01-06,5,139.09,57.66,364
S002_P0002,2024-01-07,6,139.07,57.66,364
S002_P0002,2024-01-08,7,139.08,57.66,364
S002_P0003,2024-01-02,1,139.58,81.61,372
S002_P0003,2024-01-03,2,139.65,81.61,372
S002_P0003,2024-01-04,3,139.31,81.61,372
S002_P0003,2024-01-05,4,139.14,81.61,372
S002_P0003,2024-01-06,5,139.09,81.61,372
S002_P0003,2024-01-07,6,139.09,81.61,372
S002_P0003,2024-01-08,7,139.09,81.61,372
S002_P0004,2024-01-02,1,136.84,25.28,133
S002_P0004,2024-01-03,2,139.2,25.28,133
S002_P0004,2024-01-04,3,139.36,25.28,133
S002_P0004,2024-01-05,4,139.24,25.28,133
S002_P0004,2024-01-06,5,139.13,25.28,133
S002_P0004,2024-01-07,6,139.09,25.28,133
S002_P0004,2024-01-08,7,139.09,25.28,133
S002_P0005,2024-01-02,1,137.98,16.98,464
S002_P0005,2024-01-03,2,137.42,16.98,464
S002_P0005,2024-01-04,3,138.29,16.98,464
S002_P0005,2024-01-05,4,138.87,16.98,464
S002_P0005,2024-01-06,5,139.08,16.98,464
S002_P0005,2024-01-07,6,139.11,16.98,464
S002_P0005,2024-01-08,7,139.1,16.98,464
S002_P0006,2024-01-02,1,138.98,19.06,160
S002_P0006,2024-01-03,2,138.8,19.06,160
S002_P0006,2024-01-04,3,138.95,19.06,160
S002_P0006,2024-01-05,4,139.05,19.06,160
S002_P0006,2024-01-06,5,139.09,19.06,160
S002_P0006,2024-01-07,6,139.1,19.06,160
S002_P0006,2024-01-08,7,139.1,19.06,160
S002_P0007,2024-01-02,1,138.3,63.66,53
S002_P0007,2024-01-03,2,141.01,63.66,53
S002_P0007,2024-01-04,3,140.06,63.66,53
S002_P0007,2024-01-05,4,139.38,63.66,53
S002_P0007,2024-01-06,5,139.1,63.66,53
S002_P0007,2024-01-07,6,139.06,63.66,53
S002_P0007,2024-01-08,7,139.08,63.66,53
S002_P0008,2024-01-02,1,138.71,90.38,218
S002_P0008,2024-01-03,2,140.32,90.38,218
S002_P0008,2024-01-04,3,139.74,90.38,218
S002_P0008,2024-01-05,4,139.29,90.38,218
S002_P0008,2024-01-06,5,139.11,90.38,218
S002_P0008,2024-01-07,6,139.07,90.38,218
S002_P0008,2024-01-08,7,139.08,90.38,218
S002_P0009,2024-01-02,1,138.17,45.97,62
S002_P0009,2024-01-03,2,140.24,45.97,62
S002_P0009,2024-01-04,3,139.75,45.97,62
S002_P0009,2024-01-05,4,139.31,45.97,62
S002_P0009,2024-01-06,5,139.12,45.97,62
S002_P0009,2024-01-07,6,139.07,45.97,62
S002_P0009,2024-01-08,7,139.08,45.97,62
S002_P0010,2024-01-02,1,142.34,33.48,419
S002_P0010,2024-01-03,2,137.98,33.48,419
S002_P0010,2024-01-04,3,138.19,33.48,419
S002_P0010,2024-01-05,4,138.69,33.48,419
S002_P0010,2024-01-06,5,139.0,33.48,419
S002_P0010,2024-01-07,6,139.09,33.48,419
S002_P0010,2024-01-08,7,139.1,33.48,419
S002_P0011,2024-01-02,1,138.17,99.13,156
S002_P0011,2024-01-03,2,139.72,99.13,156
S002_P0011,2024-01-04,3,139.44,99.13,156
S002_P0011,2024-01-05,4,139.23,99.13,156
S002_P0011,2024-01-06,5,139.11,99.13,156
S002_P0011,2024-01-07,6,139.09,99.13,156
S002_P0011,2024-01-08,7,139.09,99.13,156
S002_P0012,2024-01-02,1,138.84,52.5,193
S002_P0012,2024-01-03,2,138.81,52.5,193
S002_P0012,2024-01-04,3,138.96,52.5,193
S002_P0012,2024-01-05,4,139.06,52.5,193
S002_P0012,2024-01-06,5,139.1,52.5,193
S002_P0012,2024-01-07,6,139.1,52.5,193
S002_P0012,2024-01-08,7,139.1,52.5,193
S002_P0013,2024-01-02,1,137.22,67.26,472
S002_P0013,2024-01-03,2,139.94,67.26,472
S002_P0013,2024-01-04,3,139.69,67.26,472
S002_P0013,2024-01-05,4,139.33,67.26,472
S002_P0013,2024-01-06,5,139.13,67.26,472
S002_P0013,2024-01-07,6,139.08,67.26,472
S002_P0013,2024-01-08,7,139.08,67.26,472
S002_P0014,2024-01-02,1,141.87,70.31,342
S002_P0014,2024-01-03,2,137.75,70.31,342
S002_P0014,2024-01-04,3,138.1,70.31,342
S002_P0014,2024-01-05,4,138.68,70.31,342
S002_P0014,2024-01-06,5,139.01,70.31,342
S002_P0014,2024-01-07,6,139.1,70.31,342
S002_P0014,2024-01-08,7,139.11,70.31,342
S002_P0015,2024-01-02,1,141.23,67.54,433
S002_P0015,2024-01-03,2,139.46,67.54,433
S002_P0015,2024-01-04,3,139.06,67.54,433
S002_P0015,2024-01-05,4,139.01,67.54,433
S002_P0015,2024-01-06,5,139.05,67.54,433
S002_P0015,2024-01-07,6,139.08,67.54,433
S002_P0015,2024-01-08,7,139.09,67.54,433
S002_P0016,2024-01-02,1,138.39,41.3,258
S002_P0016,2024-01-03,2,139.47,41.3,258
S002_P0016,2024-01-04,3,139.39,41.3,258
S002_P0016,2024-01-05,4,139.2,41.3,258
S002_P0016,2024-01-06,5,139.1,41.3,258
S002_P0016,2024-01-07,6,139.08,41.3,258
S002_P0016,2024-01-08,7,139.09,41.3,258
S002_P0017,2024-01-02,1,136.14,47.83,236
S002_P0017,2024-01-03,2,139.46,47.83,236
S002_P0017,2024-01-04,3,139.51,47.83,236
S002_P0017,2024-01-05,4,139.3,47.83,236
S002_P0017,2024-01-06,5,139.14,47.83,236
S002_P0017,2024-01-07,6,139.09,47.83,236
S002_P0017,2024-01-08,7,139.08,47.83,236
S002_P0018,2024-01-02,1,136.87,32.84,151
S002_P0018,2024-01-03,2,139.7,32.84,151
S002_P0018,2024-01-04,3,139.62,32.84,151
S002_P0018,2024-01-05,4,139.32,32.84,151
S002_P0018,2024-01-06,5,139.13,32.84,151
S002_P0018,2024-01-07,6,139.08,32.84,151
S002_P0018,2024-01-08,7,139.08,32.84,151
S002_P0019,2024-01-02,1,139.22,54.27,409
S002_P0019,2024-01-03,2,137.73,54.27,409
S002_P0019,2024-01-04,3,138.34,54.27,409
S002_P0019,2024-01-05,4,138.85,54.27,409
S002_P0019,2024-01-06,5,139.06,54.27,409
S002_P0019,2024-01-07,6,139.11,54.27,409
S002_P0019,2024-01-08,7,139.1,54.27,409
S002_P0020,2024-01-02,1,139.15,75.94,284
S002_P0020,2024-01-03,2,137.98,75.94,284
S002_P0020,2024-01-04,3,138.53,75.94,284
S002_P0020,2024-01-05,4,138.92,75.94,284
S002_P0020,2024-01-06,5,139.08,75.94,284
S002_P0020,2024-01-07,6,139.11,75.94,284
S002_P0020,2024-01-08,7,139.1,75.94,284
S003_P0001,2024-01-02,1,140.41,52.72,138
S003_P0001,2024-01-03,2,140.07,52.72,138
S003_P0001,2024-01-04,3,139.45,52.72,138
S003_P0001,2024-01-05,4,139.15,52.72,138
S003_P0001,2024-01-06,5,139.07,52.72,138
S003_P0001,2024-01-07,6,139.08,52.72,138
S003_P0001,2024-01-08,7,139.09,52.72,138
S003_P0002,2024-01-02,1,138.4,39.66,388
S003_P0002,2024-01-03,2,137.27,39.66,388
S003_P0002,2024-01-04,3,138.2,39.66,388
S003_P0002,2024-01-05,4,138.84,39.66,388
S003_P0002,2024-01-06,5,139.08,39.66,388
S003_P0002,2024-01-07,6,139.12,39.66,388
S003_P0002,2024-01-08,7,139.11,39.66,388
S003_P0003,2024-01-02,1,136.45,41.99,112
S003_P0003,2024-01-03,2,139.9,41.99,112
S003_P0003,2024-01-04,3,139.73,41.99,112
S003_P0003,2024-01-05,4,139.36,41.99,112
S003_P0003,2024-01-06,5,139.14,41.99,112
S003_P0003,2024-01-07,6,139.08,41.99,112
S003_P0003,2024-01-08,7,139.08,41.99,112
S003_P0004,2024-01-02,1,137.38,72.75,415
S003_P0004,2024-01-03,2,139.52,72.75,415
S003_P0004,2024-01-04,3,139.46,72.75,415
S003_P0004,2024-01-05,4,139.26,72.75,415
S003_P0004,2024-01-06,5,139.13,72.75,415
S003_P0004,2024-01-07,6,139.09,72.75,415
S003_P0004,2024-01-08,7,139.09,72.75,415
S003_P0005,2024-01-02,1,140.99,82.16,411
S003_P0005,2024-01-03,2,138.1,82.16,411
S003_P0005,2024-01-04,3,138.44,82.16,411
S003_P0005,2024-01-05,4,138.82,82.16,411
S003_P0005,2024-01-06,5,139.03,82.16,411
S003_P0005,2024-01-07,6,139.09,82.16,411
S003_P0005,2024-01-08,7,139.1,82.16,411
S003_P0006,2024-01-02,1,140.26,24.39,451
S003_P0006,2024-01-03,2,136.36,24.39,451
S003_P0006,2024-01-04,3,137.51,24.39,451
S003_P0006,2024-01-05,4,138.54,24.39,451
S003_P0006,2024-01-06,5,139.01,24.39,451
S003_P0006,2024-01-07,6,139.12,24.39,451
S003_P0006,2024-01-08,7,139.11,24.39,451
S003_P0007,2024-01-02,1,139.4,54.87,108
S003_P0007,2024-01-03,2,139.76,54.87,108
S003_P0007,2024-01-04,3,139.4,54.87,108
S003_P0007,2024-01-05,4,139.17,54.87,108
S003_P0007,2024-01-06,5,139.09,54.87,108
S003_P0007,2024-01-07,6,139.08,54.87,108
S003_P0007,2024-01-08,7,139.09,54.87,108
S003_P0008,2024-01-02,1,139.2,56.59,103
S003_P0008,2024-01-03,2,140.13,56.59,103
S003_P0008,2024-01-04,3,139.61,56.59,103
S003_P0008,2024-01-05,4,139.24,56.59,103
S003_P0008,2024-01-06,5,139.1,56.59,103
S003_P0008,2024-01-07,6,139.08,56.59,103
S003_P0008,2024-01-08,7,139.09,56.59,103
S003_P0009,2024-01-02,1,137.15,54.64,496
S003_P0009,2024-01-03,2,140.16,54.64,496
S003_P0009,2024-01-04,3,139.8,54.64,496
S003_P0009,2024-01-05,4,139.36,54.64,496
S003_P0009,2024-01-06,5,139.13,54.64,496
S003_P0009,2024-01-07,6,139.08,54.64,496
S003_P0009,2024-01-08,7,139.08,54.64,496
S003_P0010,2024-01-02,1,142.48,80.87,413
S003_P0010,2024-01-03,2,137.17,80.87,413
S003_P0010,2024-01-04,3,137.72,80.87,413
S003_P0010,2024-01-05,4,138.53,80.87,413
S003_P0010,2024-01-06,5,138.97,80.87,413
S003_P0010,2024-01-07,6,139.1,80.87,413
S003_P0010,2024-01-08,7,139.11,80.87,413
S003_P0011,2024-01-02,1,137.32,38.43,137
S003_P0011,2024-01-03,2,138.66,38.43,137
S003_P0011,2024-01-04,3,139.03,38.43,137
S003_P0011,2024-01-05,4,139.13,38.43,137
S003_P0011,2024-01-06,5,139.12,38.43,137
S003_P0011,2024-01-07,6,139.1,38.43,137
S003_P0011,2024-01-08,7,139.09,38.43,137
S003_P0012,2024-01-02,1,139.57,84.56,108
S003_P0012,2024-01-03,2,139.94,84.56,108
S003_P0012,2024-01-04,3,139.46,84.56,108
S003_P0012,2024-01-05,4,139.18,84.56,108
S003_P0012,2024-01-06,5,139.09,84.56,108
S003_P0012,2024-01-07,6,139.08,84.56,108
S003_P0012,2024-01-08,7,139.09,84.56,108
S003_P0013,2024-01-02,1,139.48,13.45,388
S003_P0013,2024-01-03,2,139.43,13.45,388
S003_P0013,2024-01-04,3,139.23,13.45,388
S003_P0013,2024-01-05,4,139.12,13.45,388
S003_P0013,2024-01-06,5,139.09,13.45,388
S003_P0013,2024-01-07,6,139.09,13.45,388
S003_P0013,2024-01-08,7,139.09,13.45,388
S003_P0014,2024-01-02,1,138.7,73.4,230
S003_P0014,2024-01-03,2,139.72,73.4,230
S003_P0014,2024-01-04,3,139.43,73.4,230
S003_P0014,2024-01-05,4,139.2,73.4,230
S003_P0014,2024-01-06,5,139.1,73.4,230
S003_P0014,2024-01-07,6,139.09,73.4,230
S003_P0014,2024-01-08,7,139.09,73.4,230
S003_P0015,2024-01-02,1,139.66,59.8,270
S003_P0015,2024-01-03,2,139.03,59.8,270
S003_P0015,2024-01-04,3,139.04,59.8,270
S003_P0015,2024-01-05,4,139.06,59.8,270
S003_P0015,2024-01-06,5,139.08,59.8,270
S003_P0015,2024-01-07,6,139.09,59.8,270
S003_P0015,2024-01-08,7,139.1,59.8,270
S003_P0016,2024-01-02,1,140.04,55.17,166
S003_P0016,2024-01-03,2,139.59,55.17,166
S003_P0016,2024-01-04,3,139.28,55.17,166
S003_P0016,2024-01-05,4,139.11,55.17,166
S003_P0016,2024-01-06,5,139.08,55.17,166
S003_P0016,2024-01-07,6,139.08,55.17,166
S003_P0016,2024-01-08,7,139.09,55.17,166
S003_P0017,2024-01-02,1,138.52,67.36,239
S003_P0017,2024-01-03,2,140.01,67.36,239
S003_P0017,2024-01-04,3,139.57,67.36,239
S003_P0017,2024-01-05,4,139.25,67.36,239
S003_P0017,2024-01-06,5,139.11,67.36,239
S003_P0017,2024-01-07,6,139.08,67.36,239
S003_P0017,2024-01-08,7,139.09,67.36,239
S003_P0018,2024-01-02,1,141.5,29.45,375
S003_P0018,2024-01-03,2,139.35,29.45,375
S003_P0018,2024-01-04,3,139.0,29.45,375
S003_P0018,2024-01-05,4,138.98,29.45,375
S003_P0018,2024-01-06,5,139.04,29.45,375
S003_P0018,2024-01-07,6,139.08,29.45,375
S003_P0018,2024-01-08,7,139.09,29.45,375
S003_P0019,2024-01-02,1,139.25,62.0,253
S003_P0019,2024-01-03,2,138.29,62.0,253
S003_P0019,2024-01-04,3,138.67,62.0,253
S003_P0019,2024-01-05,4,138.96,62.0,253
S003_P0019,2024-01-06,5,139.08,62.0,253
S003_P0019,2024-01-07,6,139.1,62.0,253
S003_P0019,2024-01-08,7,139.1,62.0,253
S003_P0020,2024-01-02,1,142.73,54.19,417
S003_P0020,2024-01-03,2,138.83,54.19,417
S003_P0020,2024-01-04,3,138.59,54.19,417
S003_P0020,2024-01-05,4,138.81,54.19,417
S003_P0020,2024-01-06,5,139.01,54.19,417
S003_P0020,2024-01-07,6,139.09,54.19,417
S003_P0020,2024-01-08,7,139.1,54.19,417
S004_P0001,2024-01-02,1,143.44,42.34,497
S004_P0001,2024-01-03,2,136.6,42.34,497
S004_P0001,2024-01-04,3,137.29,42.34,497
S004_P0001,2024-01-05,4,138.35,42.34,497
S004_P0001,2024-01-06,5,138.93,42.34,497
S004_P0001,2024-01-07,6,139.1,42.34,497
S004_P0001,2024-01-08,7,139.11,42.34,497
S004_P0002,2024-01-02,1,139.07,30.65,181
S004_P0002,2024-01-03,2,138.23,30.65,181
S004_P0002,2024-01-04,3,138.65,30.65,181
S004_P0002,2024-01-05,4,138.96,30.65,181
S004_P0002,2024-01-06,5,139.08,30.65,181
S004_P0002,2024-01-07,6,139.1,30.65,181
S004_P0002,2024-01-08,7,139.1,30.65,181
S004_P0003,2024-01-02,1,138.41,72.63,419
S004_P0003,2024-01-03,2,140.06,72.63,419
S004_P0003,2024-01-04,3,139.65,72.63,419
S004_P0003,2024-01-05,4,139.27,72.63,419
S004_P0003,2024-01-06,5,139.11,72.63,419
S004_P0003,2024-01-07,6,139.08,72.63,419
S004_P0003,2024-01-08,7,139.09,72.63,419
S004_P0004,2024-01-02,1,137.28,43.53,105
S004_P0004,2024-01-03,2,140.18,43.53,105
S004_P0004,2024-01-04,3,139.75,43.53,105
S004_P0004,2024-01-05,4,139.33,43.53,105
S004_P0004,2024-01-06,5,139.12,43.53,105
S004_P0004,2024-01-07,6,139.08,43.53,105
S004_P0004,2024-01-08,7,139.08,43.53,105
S004_P0005,2024-01-02,1,138.57,77.66,217
S004_P0005,2024-01-03,2,139.33,77.66,217
S004_P0005,2024-01-04,3,139.25,77.66,217
S004_P0005,2024-01-05,4,139.16,77.66,217
S004_P0005,2024-01-06,5,139.11,77.66,217
S004_P0005,2024-01-07,6,139.09,77.66,217
S004_P0005,2024-01-08,7,139.09,77.66,217
S004_P0006,2024-01-02,1,140.47,42.43,364
S004_P0006,2024-01-03,2,138.91,42.43,364
S004_P0006,2024-01-04,3,138.86,42.43,364
S004_P0006,2024-01-05,4,138.97,42.43,364
S004_P0006,2024-01-06,5,139.06,42.43,364
S004_P0006,2024-01-07,6,139.09,42.43,364
S004_P0006,2024-01-08,7,139.1,42.43,364
S004_P0007,2024-01-02,1,138.58,27.45,134
S004_P0007,2024-01-03,2,139.36,27.45,134
S004_P0007,2024-01-04,3,139.3,27.45,134
S004_P0007,2024-01-05,4,139.17,27.45,134
S004_P0007,2024-01-06,5,139.1,27.45,134
S004_P0007,2024-01-07,6,139.09,27.45,134
S004_P0007,2024-01-08,7,139.09,27.45,134
S004_P0008,2024-01-02,1,142.2,80.66,390
S004_P0008,2024-01-03,2,137.63,80.66,390
S004_P0008,2024-01-04,3,138.03,80.66,390
S004_P0008,2024-01-05,4,138.65,80.66,390
S004_P0008,2024-01-06,5,139.0,80.66,390
S004_P0008,2024-01-07,6,139.1,80.66,390
S004_P0008,2024-01-08,7,139.1,80.66,390
S004_P0009,2024-01-02,1,137.36,48.65,115
S004_P0009,2024-01-03,2,139.16,48.65,115
S004_P0009,2024-01-04,3,139.27,48.65,115
S004_P0009,2024-01-05,4,139.2,48.65,115
S004_P0009,2024-01-06,5,139.12,48.65,115
S004_P0009,2024-01-07,6,139.09,48.65,115
S004_P0009,2024-01-08,7,139.09,48.65,115
S004_P0010,2024-01-02,1,138.95,15.35,382
S004_P0010,2024-01-03,2,139.46,15.35,382
S004_P0010,2024-01-04,3,139.32,15.35,382
S004_P0010,2024-01-05,4,139.17,15.35,382
S004_P0010,2024-01-06,5,139.1,15.35,382
S004_P0010,2024-01-07,6,139.09,15.35,382
S004_P0010,2024-01-08,7,139.09,15.35,382
S004_P0011,2024-01-02,1,138.64,88.17,155
S004_P0011,2024-01-03,2,139.35,88.17,155
S004_P0011,2024-01-04,3,139.31,88.17,155
S004_P0011,2024-01-05,4,139.17,88.17,155
S004_P0011,2024-01-06,5,139.1,88.17,155
S004_P0011,2024-01-07,6,139.09,88.17,155
S004_P0011,2024-01-08,7,139.09,88.17,155
S004_P0012,2024-01-02,1,138.1,11.65,85
S004_P0012,2024-01-03,2,139.83,11.65,85
S004_P0012,2024-01-04,3,139.56,11.65,85
S004_P0012,2024-01-05,4,139.26,11.65,85
S004_P0012,2024-01-06,5,139.12,11.65,85
S004_P0012,2024-01-07,6,139.08,11.65,85
S004_P0012,2024-01-08,7,139.08,11.65,85
S004_P0013,2024-01-02,1,137.4,90.89,113
S004_P0013,2024-01-03,2,140.34,90.89,113
S004_P0013,2024-01-04,3,139.87,90.89,113
S004_P0013,2024-01-05,4,139.37,90.89,113
S004_P0013,2024-01-06,5,139.12,90.89,113
S004_P0013,2024-01-07,6,139.07,90.89,113
S004_P0013,2024-01-08,7,139.07,90.89,113
S004_P0014,2024-01-02,1,140.38,53.27,386
S004_P0014,2024-01-03,2,139.11,53.27,386
S004_P0014,2024-01-04,3,138.97,53.27,386
S004_P0014,2024-01-05,4,139.01,53.27,386
S004_P0014,2024-01-06,5,139.07,53.27,386
S004_P0014,2024-01-07,6,139.09,53.27,386
S004_P0014,2024-01-08,7,139.1,53.27,386
S004_P0015,2024-01-02,1,137.95,34.9,56
S004_P0015,2024-01-03,2,140.56,34.9,56
S004_P0015,2024-01-04,3,139.87,34.9,56
S004_P0015,2024-01-05,4,139.35,34.9,56
S004_P0015,2024-01-06,5,139.12,34.9,56
S004_P0015,2024-01-07,6,139.07,34.9,56
S004_P0015,2024-01-08,7,139.08,34.9,56
S004_P0016,2024-01-02,1,139.45,19.12,314
S004_P0016,2024-01-03,2,138.39,19.12,314
S004_P0016,2024-01-04,3,138.68,19.12,314
S004_P0016,2024-01-05,4,138.95,19.12,314
S004_P0016,2024-01-06,5,139.08,19.12,314
S004_P0016,2024-01-07,6,139.1,19.12,314
S004_P0016,2024-01-08,7,139.1,19.12,314
S004_P0017,2024-01-02,1,136.4,20.61,100
S004_P0017,2024-01-03,2,139.67,20.61,100
S004_P0017,2024-01-04,3,139.65,20.61,100
S004_P0017,2024-01-05,4,139.34,20.61,100
S004_P0017,2024-01-06,5,139.14,20.61,100
S004_P0017,2024-01-07,6,139.08,20.61,100
S004_P0017,2024-01-08,7,139.08,20.61,100
S004_P0018,2024-01-02,1,136.41,82.97,83
S004_P0018,2024-01-03,2,139.63,82.97,83
S004_P0018,2024-01-04,3,139.58,82.97,83
S004_P0018,2024-01-05,4,139.32,82.97,83
S004_P0018,2024-01-06,5,139.14,82.97,83
S004_P0018,2024-01-07,6,139.09,82.97,83
S004_P0018,2024-01-08,7,139.08,82.97,83
S004_P0019,2024-01-02,1,138.58,61.04,65
S004_P0019,2024-01-03,2,140.27,61.04,65
S004_P0019,2024-01-04,3,139.69,61.04,65
S004_P0019,2024-01-05,4,139.28,61.04,65
S004_P0019,2024-01-06,5,139.1,61.04,65
S004_P0019,2024-01-07,6,139.08,61.04,65
S004_P0019,2024-01-08,7,139.08,61.04,65
S004_P0020,2024-01-02,1,140.76,32.87,249
S004_P0020,2024-01-03,2,138.36,32.87,249
S004_P0020,2024-01-04,3,138.54,32.87,249
S004_P0020,2024-01-05,4,138.87,32.87,249
S004_P0020,2024-01-06,5,139.05,32.87,249
S004_P0020,2024-01-07,6,139.1,32.87,249
S004_P0020,2024-01-08,7,139.1,32.87,249
S005_P0001,2024-01-02,1,140.79,99.33,300
S005_P0001,2024-01-03,2,139.11,99.33,300
S005_P0001,2024-01-04,3,138.94,99.33,300
S005_P0001,2024-01-05,4,138.99,99.33,300
S005_P0001,2024-01-06,5,139.06,99.33,300
S005_P0001,2024-01-07,6,139.09,99.33,300
S005_P0001,2024-01-08,7,139.1,99.33,300
S005_P0002,2024-01-02,1,137.2,34.96,253
S005_P0002,2024-01-03,2,138.52,34.96,253
S005_P0002,2024-01-04,3,138.98,34.96,253
S005_P0002,2024-01-05,4,139.12,34.96,253
S005_P0002,2024-01-06,5,139.12,34.96,253
S005_P0002,2024-01-07,6,139.1,34.96,253
S005_P0002,2024-01-08,7,139.09,34.96,253
S005_P0003,2024-01-02,1,138.95,24.17,98
S005_P0003,2024-01-03,2,139.44,24.17,98
S005_P0003,2024-01-04,3,139.26,24.17,98
S005_P0003,2024-01-05,4,139.14,24.17,98
S005_P0003,2024-01-06,5,139.1,24.17,98
S005_P0003,2024-01-07,6,139.09,24.17,98
S005_P0003,2024-01-08,7,139.09,24.17,98
S005_P0004,2024-01-02,1,139.14,77.29,158
S005_P0004,2024-01-03,2,140.04,77.29,158
S005_P0004,2024-01-04,3,139.57,77.29,158
S005_P0004,2024-01-05,4,139.23,77.29,158
S005_P0004,2024-01-06,5,139.1,77.29,158
S005_P0004,2024-01-07,6,139.08,77.29,158
S005_P0004,2024-01-08,7,139.09,77.29,158
S005_P0005,2024-01-02,1,136.28,96.72,372
S005_P0005,2024-01-03,2,137.66,96.72,372
S005_P0005,2024-01-04,3,138.68,96.72,372
S005_P0005,2024-01-05,4,139.05,96.72,372
S005_P0005,2024-01-06,5,139.11,96.72,372
S005_P0005,2024-01-07,6,139.11,96.72,372
S005_P0005,2024-01-08,7,139.1,96.72,372
S005_P0006,2024-01-02,1,138.73,71.3,491
S005_P0006,2024-01-03,2,138.11,71.3,491
S005_P0006,2024-01-04,3,138.58,71.3,491
S005_P0006,2024-01-05,4,138.95,71.3,491
S005_P0006,2024-01-06,5,139.08,71.3,491
S005_P0006,2024-01-07,6,139.11,71.3,491
S005_P0006,2024-01-08,7,139.1,71.3,491
S005_P0007,2024-01-02,1,137.54,62.12,59
S005_P0007,2024-01-03,2,140.23,62.12,59
S005_P0007,2024-01-04,3,139.75,62.12,59
S005_P0007,2024-01-05,4,139.33,62.12,59
S005_P0007,2024-01-06,5,139.13,62.12,59
S005_P0007,2024-01-07,6,139.08,62.12,59
S005_P0007,2024-01-08,7,139.08,62.12,59
S005_P0008,2024-01-02,1,141.41,63.42,409
S005_P0008,2024-01-03,2,138.39,63.42,409
S005_P0008,2024-01-04,3,138.54,63.42,409
S005_P0008,2024-01-05,4,138.84,63.42,409
S005_P0008,2024-01-06,5,139.03,63.42,409
S005_P0008,2024-01-07,6,139.09,63.42,409
S005_P0008,2024-01-08,7,139.1,63.42,409
S005_P0009,2024-01-02,1,140.39,87.7,319
S005_P0009,2024-01-03,2,138.94,87.7,319
S005_P0009,2024-01-04,3,138.93,87.7,319
S005_P0009,2024-01-05,4,139.0,87.7,319
S005_P0009,2024-01-06,5,139.07,87.7,319
S005_P0009,2024-01-07,6,139.09,87.7,319
S005_P0009,2024-01-08,7,139.1,87.7,319
S005_P0010,2024-01-02,1,139.27,19.2,308
S005_P0010,2024-01-03,2,138.38,19.2,308
S005_P0010,2024-01-04,3,138.69,19.2,308
S005_P0010,2024-01-05,4,138.96,19.2,308
S005_P0010,2024-01-06,5,139.08,19.2,308
S005_P0010,2024-01-07,6,139.1,19.2,308
S005_P0010,2024-01-08,7,139.1,19.2,308
S005_P0011,2024-01-02,1,140.5,86.09,156
S005_P0011,2024-01-03,2,139.94,86.09,156
S005_P0011,2024-01-04,3,139.38,86.09,156
S005_P0011,2024-01-05,4,139.12,86.09,156
S005_P0011,2024-01-06,5,139.06,86.09,156
S005_P0011,2024-01-07,6,139.07,86.09,156
S005_P0011,2024-01-08,7,139.09,86.09,156
S005_P0012,2024-01-02,1,141.57,36.94,495
S005_P0012,2024-01-03,2,137.9,36.94,495
S005_P0012,2024-01-04,3,138.25,36.94,495
S005_P0012,2024-01-05,4,138.74,36.94,495
S005_P0012,2024-01-06,5,139.02,36.94,495
S005_P0012,2024-01-07,6,139.1,36.94,495
S005_P0012,2024-01-08,7,139.1,36.94,495
S005_P0013,2024-01-02,1,139.7,32.05,389
S005_P0013,2024-01-03,2,137.58,32.05,389
S005_P0013,2024-01-04,3,138.27,32.05,389
S005_P0013,2024-01-05,4,138.82,32.05,389
S005_P0013,2024-01-06,5,139.06,32.05,389
S005_P0013,2024-01-07,6,139.11,32.05,389
S005_P0013,2024-01-08,7,139.11,32.05,389
S005_P0014,2024-01-02,1,140.35,66.5,328
S005_P0014,2024-01-03,2,139.25,66.5,328
S005_P0014,2024-01-04,3,139.08,66.5,328
S005_P0014,2024-01-05,4,139.04,66.5,328
S005_P0014,2024-01-06,5,139.07,66.5,328
S005_P0014,2024-01-07,6,139.09,66.5,328
S005_P0014,2024-01-08,7,139.1,66.5,328
S005_P0015,2024-01-02,1,142.62,83.26,408
S005_P0015,2024-01-03,2,138.18,83.26,408
S005_P0015,2024-01-04,3,138.27,83.26,408
S005_P0015,2024-01-05,4,138.7,83.26,408
S005_P0015,2024-01-06,5,138.99,83.26,408
S005_P0015,2024-01-07,6,139.09,83.26,408
S005_P0015,2024-01-08,7,139.1,83.26,408
S005_P0016,2024-01-02,1,138.47,73.73,96
S005_P0016,2024-01-03,2,140.67,73.73,96
S005_P0016,2024-01-04,3,139.89,73.73,96
S005_P0016,2024-01-05,4,139.33,73.73,96
S005_P0016,2024-01-06,5,139.11,73.73,96
S005_P0016,2024-01-07,6,139.07,73.73,96
S005_P0016,2024-01-08,7,139.08,73.73,96
S005_P0017,2024-01-02,1,137.35,82.57,313
S005_P0017,2024-01-03,2,139.62,82.57,313
S005_P0017,2024-01-04,3,139.52,82.57,313
S005_P0017,2024-01-05,4,139.27,82.57,313
S005_P0017,2024-01-06,5,139.13,82.57,313
S005_P0017,2024-01-07,6,139.09,82.57,313
S005_P0017,2024-01-08,7,139.09,82.57,313
S005_P0018,2024-01-02,1,138.37,11.11,278
S005_P0018,2024-01-03,2,140.15,11.11,278
S005_P0018,2024-01-04,3,139.64,11.11,278
S005_P0018,2024-01-05,4,139.27,11.11,278
S005_P0018,2024-01-06,5,139.11,11.11,278
S005_P0018,2024-01-07,6,139.08,11.11,278
S005_P0018,2024-01-08,7,139.08,11.11,278
S005_P0019,2024-01-02,1,142.21,53.14,374
S005_P0019,2024-01-03,2,138.88,53.14,374
S005_P0019,2024-01-04,3,138.68,53.14,374
S005_P0019,2024-01-05,4,138.85,53.14,374
S005_P0019,2024-01-06,5,139.02,53.14,374
S005_P0019,2024-01-07,6,139.09,53.14,374
S005_P0019,2024-01-08,7,139.1,53.14,374
S005_P0020,2024-01-02,1,137.49,78.39,117
S005_P0020,2024-01-03,2,140.52,78.39,117
S005_P0020,2024-01-04,3,139.93,78.39,117
S005_P0020,2024-01-05,4,139.38,78.39,117
S005_P0020,2024-01-06,5,139.12,78.39,117
S005_P0020,2024-01-07,6,139.07,78.39,117
S005_P0020,2024-01-08,7,139.08,78.39,117
